GN_GB_ND_SH_DNA_VM_HO-1hbtR,GN_GB_ND_SH_DNA_VM_HO-34IaB,GN_GB_ND_SH_DNA_VM_HO-7IkeA,GN_GB_ND_SH_DNA_VM_HO-9W9pq,GN_GB_ND_SH_DNA_VM_HO-Cv7xc,GN_GB_ND_SH_DNA_VM_HO-Db5kr,GN_GB_ND_SH_DNA_VM_HO-eAB8c,GN_GB_ND_SH_DNA_VM_HO-EAskK,GN_GB_ND_SH_DNA_VM_HO-eY9y0,GN_GB_ND_SH_DNA_VM_HO-fl8X9,GN_GB_ND_SH_DNA_VM_HO-idzZd,GN_GB_ND_SH_DNA_VM_HO-ieC5u,GN_GB_ND_SH_DNA_VM_HO-IMqGo,GN_GB_ND_SH_DNA_VM_HO-j6Sse,GN_GB_ND_SH_DNA_VM_HO-LOXXL,GN_GB_ND_SH_DNA_VM_HO-OnqTn,GN_GB_ND_SH_DNA_VM_HO-qRVHP,GN_GB_ND_SH_DNA_VM_HO-RMRJ9,GN_GB_ND_SH_DNA_VM_HO-xAeWp,GN_GB_ND_SH_DNA_VM_HO-XnieG,GN_GB_ND_SH_DNA_VM_HO-ybTm8,GN_GB_ND_SH_DNA_VM_VE-2VJKp,GN_GB_ND_SH_DNA_VM_VE-32QOv,GN_GB_ND_SH_DNA_VM_VE-76HfD,GN_GB_ND_SH_DNA_VM_VE-DI4Wa,GN_GB_ND_SH_DNA_VM_VE-fn2xX,GN_GB_ND_SH_DNA_VM_VE-htsBX,GN_GB_ND_SH_DNA_VM_VE-kxcsh,GN_GB_ND_SH_DNA_VM_VE-lHB6Q,GN_GB_ND_SH_DNA_VM_VE-LrC1E,GN_GB_ND_SH_DNA_VM_VE-SrDKP,GN_GB_ND_SH_DNA_VM_VE-tVcYY,GN_GB_ND_SH_DNA_VM_VE-u5yO7,GN_GB_ND_SH_DNA_VM_VE-U7ecJ
2.288342593,2.030386221,1.905048712,,5.576444444,6.181060606,5.157088617,4.2612238,3.962180883,2.432310887,,1.951625233,3.775490033,2.5,4.434014284,4.848955404,1.785824244,6.827661083,2.25181632,,2.106762067,1.745159788,3.115145983,3.286608093,4.134511567,,2.066446169,2.36449705,3.694760772,,1.753563067,2.0263742,4.597945205,2.590533763
1.190208386,1.949185639,3.365341055,,5.456355932,6.117054264,7.368630983,4.395772233,2.068277763,2.46357074,,4.563676926,4.963051133,2.5,4.63667291,4.770516636,2.116760625,6.67753675,2.284275762,,1.940261763,2.660448556,3.847788367,2.938532515,4.55662039,,2.178184586,2.879695767,6.102086492,,4.26114228,1.941188607,1.3525,1.116386925
3.214632845,2.141109717,2.658415017,,5.121875,5.64270073,8.862411467,5.607672939,5.77131545,2.359856982,,2.021939775,1.261036486,2.5,4.524565333,4.728583868,1.851917358,2.319551149,2.172966059,,9.955282667,2.329682466,6.95991505,3.264647533,1.343105607,,2.800414455,1.301491003,6.966926617,,3.305222396,9.495908483,20.0,3.231731183
2.45703164,1.84133515,3.861364833,,5.592,6.360363636,8.061469483,6.143229533,5.467703917,2.359354256,,6.183338932,1.090968776,2.5,4.523558083,3.007825148,1.886286259,5.544404594,2.21750493,,3.626767254,2.784346233,6.752460392,1.830530299,5.248003095,,1.960419429,1.962448629,6.609025075,,5.364415811,3.582627433,20.0,4.036590745
3.76353695,1.538357442,6.078542936,,5.930107527,6.79137931,13.10160998,1.29869775,6.724041123,2.378853864,,3.249780393,1.637114961,2.5,4.374939406,6.63432039,1.92077563,7.180068414,2.198323804,,5.255041056,3.816145961,1.403046921,3.1033412,5.570245383,,3.147178296,3.93346815,11.01695976,,3.55332001,4.764812178,20.0,3.6267785
6.189052723,1.686529433,8.098999417,,4.550406504,5.987124464,6.753347917,5.595230992,5.5596422,2.397946886,,3.07667725,3.775075638,2.5,4.67164133,8.10812085,2.194073508,8.656264933,2.233983757,,1.077254348,4.920473271,5.656220215,2.148290124,7.529353467,,2.366370683,2.35931166,5.145288183,,2.731367417,7.542520467,20.0,4.630563068
3.738750559,1.762377833,1.855410572,,4.467965368,6.375390625,4.945465034,3.757739725,5.660927567,2.416496961,,1.405906268,7.213333283,2.5,4.60827289,7.0433743,2.102117714,7.341117783,2.241935148,,6.92928025,1.546197244,4.656543454,3.615880483,6.0681987,,2.148771817,1.84802,3.511619857,,1.336681123,7.76625839,20.0,3.488524356
2.859494449,2.29955175,6.562849459,,4.389528796,6.556521739,7.689301781,7.183813683,6.50566855,2.355626575,,3.462357967,5.077815474,2.5,4.568634256,6.97873214,2.018333744,5.906530667,2.215008182,,6.63149465,4.355148239,12.1750774,3.3424126,3.622660345,,2.812584327,2.735202383,6.88808578,,3.038508433,1.847659927,20.0,4.604543463
2.59919963,1.65729115,3.842116933,,4.150980392,6.043243243,2.456072465,7.994762633,8.595497167,2.290044982,,6.7168673,3.624053458,2.5,4.573179273,5.568260579,2.164167786,5.4396806,2.156696695,,1.782339156,3.890808076,16.2266625,3.418719883,3.202322633,,4.851224676,5.327297817,2.088937133,,6.029479317,2.062645356,1.170833333,2.2537998
2.156806102,1.768554943,2.112201967,,4.057835821,7.646206897,5.655744936,8.230247559,4.36757915,2.417826496,,2.842075733,6.621716883,2.5,4.338479809,5.62119983,1.517027696,5.94796731,2.21739325,,2.249060806,1.844925466,14.75446731,3.032094217,4.115599043,,2.905600983,2.846308767,5.113288034,,2.675864767,7.127125426,1.923529412,1.862175568
3.908633373,1.6896717,2.793979335,,4.946640316,8.527705628,3.763620845,7.840276033,4.588034414,2.259952455,,3.00312265,10.49367303,2.5,3.664940986,9.253312017,1.462739825,1.670169912,2.15341793,,6.559287167,2.371663943,13.474402,3.201821968,1.389620439,,2.789701,2.434543158,3.507176105,,2.950070533,3.226959207,1.880833333,3.031535383
1.579289852,1.965540203,9.710660817,,4.661038961,7.420192308,4.198341695,5.948288283,5.729793326,2.2822907,,5.613941466,5.610208183,2.5,4.066797149,8.051353724,1.558172226,6.793288383,2.198566992,,3.056767968,5.2600621,7.3109298,2.862712267,4.361087017,,4.348680995,2.348817,3.502120017,,5.165290217,2.577471592,1.985,1.341206638
1.684748942,1.747469014,6.810214701,,4.721004566,7.61790393,2.155561157,3.819201067,7.191007833,2.424186749,,4.866056976,4.844689249,2.5,4.606824001,6.548437966,2.045938038,6.35183905,2.120000615,,2.491402717,3.838907512,2.983977441,3.756700305,4.318136164,,4.463151883,2.200788033,2.092693152,,4.961305244,4.029889916,1.883,1.338379486
2.603370481,2.1974923,1.602401681,,4.549803922,8.519140625,3.954853322,3.724449574,5.8471633,2.25945924,,8.5720445,4.457391667,2.5,4.183916237,6.221475793,1.7971141,6.06652378,1.826527324,,4.021459877,1.678706573,2.706418527,2.73716526,3.920181237,,3.187480056,2.6884588,3.72287355,,8.253038583,1.448266107,1.445,2.361265957
4.7302102,1.670851939,1.932423172,,7.088421053,9.679359431,1.099030497,5.017035333,3.961052407,2.296330249,,2.520364467,3.9970175,2.5,3.673118319,6.739510441,1.438271999,9.4685274,1.930751428,,1.519798091,1.824514019,4.049639033,4.22419395,6.53050361,,2.021128,3.851702233,1.091834491,,2.363617133,4.371834463,1.846666667,5.694832259
1.800511819,1.600952085,3.734680583,,5.341984733,8.674144487,1.56819745,3.947906046,4.34008335,2.278258996,,2.607989525,4.72836225,2.5,3.351942627,6.455499942,1.502932549,8.316587383,1.744311274,,4.320814917,2.786214381,3.036712025,3.413739651,5.673696933,,2.133991982,3.017641517,1.563722528,,2.545287407,1.930133254,1.880666667,1.546833224
2.110482396,1.6784236,1.448204898,,5.18875,7.141908714,2.037364404,4.81572535,5.300348983,2.446390293,,2.09021225,6.70291075,2.5,3.825591034,6.474945927,1.549804211,7.720248533,1.880666244,,2.278772569,1.629799741,4.001981467,2.348640508,6.186748767,,3.421009932,4.547311867,2.035610564,,1.891830667,1.817529417,1.886428571,2.685364765
7.377555847,1.167631045,1.839508661,,5.062780269,7.008677686,2.506531357,5.568729593,6.714215367,2.45630455,,5.203870733,2.350137355,2.5,3.498409816,6.866394175,1.519755681,3.88994266,1.877598556,,2.09797907,1.848545822,5.176788305,2.520967067,3.513876125,,3.506972271,3.45810565,2.5074986,,5.213406717,1.515298531,1.6,7.407084606
2.128314321,1.991543617,1.44003222,,5.330373832,7.717391304,2.975698311,5.553134254,4.925200333,2.319728867,,4.4447739,5.149161733,2.5,3.883570249,7.385464893,1.534832001,2.904415676,1.747166072,,1.5952485,1.535962813,5.160757233,3.220228379,2.245456758,,2.069072966,2.446118683,2.979386637,,4.384175967,1.444015786,1.8375,1.821212862
6.8024351,1.238307268,9.043201617,,8.681012658,8.985285285,3.444865264,5.63646245,4.67631025,2.624534607,,3.657345233,7.646392717,2.5,3.634117214,8.059694333,1.515173912,6.022750167,1.781322479,,1.755061375,5.65167315,6.2404196,2.836092817,4.163124267,,1.950067483,3.4687915,3.451274673,,3.367992067,1.64227782,1.7,7.100835083
3.823128058,1.949885917,4.953476084,,5.065437788,6.559821429,3.914032218,6.794305967,3.9150224,2.086138432,,4.136789133,5.879862117,2.5,4.100401537,7.788524673,1.599168777,8.266952508,1.559690724,,1.685763237,1.669083403,9.56607755,2.221612715,6.602215932,,1.770158707,6.855557233,3.923162709,,3.701396983,10.45911413,1.525652174,3.673448386
2.021994641,1.847056441,1.981853837,,8.134954407,6.908083832,4.383199171,7.4283653,4.918613617,2.202721976,,2.106781051,4.525872117,2.5,3.898978633,6.524622965,1.551448822,5.495979531,1.626704683,,8.88397505,3.793873317,9.975463167,3.32489235,3.490572393,,1.85356561,3.925586966,4.395050746,,2.248777291,8.226035069,1.60625,2.510269639
2.206810217,1.975282633,10.93414102,,4.865178571,6.038339921,4.852366124,9.252685617,4.768632966,2.131227766,,4.309361617,6.070326783,2.5,4.14518053,6.64670139,1.790919113,7.350567583,1.67357034,,7.447827431,6.14005159,13.64499695,3.3260011,5.6132344,,1.82661449,2.542536,4.866938782,,4.008836288,10.880847,1.763333333,1.65807422
1.56838331,1.887229517,2.005605021,,7.369354839,6.886018237,5.580994931,7.274991733,3.83704971,2.440655503,,6.310149417,11.33100045,2.891730769,3.68596748,7.092261544,1.498114904,5.85893535,1.943151603,,10.09084257,1.900986737,10.83746935,1.011833468,4.195561133,,1.870081972,3.051064603,4.982002586,,6.1855855,1.642521944,1.782352941,1.890714774
1.688079604,2.208378667,1.422900073,,4.4692,5.562151394,7.076234268,7.433429283,5.444038567,2.156240623,,4.320947083,7.544325763,1.350769231,3.543248465,7.287186825,1.519397736,2.964284604,1.755602216,,1.72568939,1.573326552,11.99736867,3.27499985,2.224701133,,2.220136724,3.3210029,6.268153228,,4.256325767,1.495453354,1.55,2.183849244
3.374065267,2.146192183,1.649482655,,7.36749226,6.277313433,5.898768167,5.690553172,1.364217303,2.083370097,,4.444249814,5.2996619,20.0,3.922040674,2.926325285,1.523542404,3.27197638,1.576429815,,1.475478993,1.784296593,8.067446086,3.375400933,2.843075248,,2.787568867,2.692906335,5.08606475,,4.166006878,3.787219053,1.672857143,2.266242169
1.573920407,1.969594417,1.585528582,,5.012030075,4.727777778,7.68278065,6.14215375,6.114645667,2.392164358,,2.581461826,6.607017239,20.0,4.149827091,6.205554528,9.09757009,6.129962933,1.726037511,,3.078238783,1.838181339,7.884505657,4.263107967,5.300737119,,2.689608683,1.209057005,7.522972383,,2.547810011,5.272808633,1.777142857,1.914836603
1.688904067,1.349241933,3.695016828,,7.070532915,6.162804878,7.02213315,5.8989581,5.051556737,2.614488621,,5.653123633,6.75160435,20.0,4.352926865,6.752215283,12.00367807,5.993680883,1.847049189,,4.71486885,2.839946136,5.424186467,3.8999007,4.578641667,,1.971308834,2.035543647,6.405312817,,5.06917565,1.616720267,1.74,1.31055425
1.375588086,5.977069265,2.831025167,,4.46227758,4.827915194,8.903292069,6.504421133,4.711849087,2.131354993,,5.988554267,6.957942359,20.0,4.378199024,8.244787733,12.6845182,5.194604842,1.749131797,,1.652718475,2.48956781,5.849412833,1.818254301,3.813383525,,2.343108977,4.136264433,8.186508914,,5.64982055,5.435073873,1.708345324,1.303349796
3.625172533,,2.511242217,,4.581632653,4.847194719,12.40388067,6.044215367,5.923142334,2.049456677,,8.682454583,2.446712055,20.0,5.985237706,7.384305967,11.04696081,5.4052424,1.740108469,,5.179143267,2.281099483,5.450736483,2.098337076,3.329794625,,3.669587139,1.333626188,10.41708737,,9.547085,2.620706862,1.83,4.773709233
4.038690764,,1.500865625,,6.90192926,6.483035714,10.9690085,4.743438786,4.933517517,2.330989715,,7.748513755,5.969241685,20.0,8.936808072,9.1577092,7.554203643,4.37327247,2.114826075,,2.545315633,1.431683837,4.108502251,3.860685817,3.264373463,,2.792929804,2.468810883,9.604112633,,8.940539849,2.50879965,1.858,5.257584517
2.882443376,,3.854777003,,6.619365079,5.781388013,9.804198517,4.489696839,1.87881231,2.216840295,,2.803353033,8.75800805,1.335,12.37916271,9.5322844,14.57048006,3.892648,1.982075154,,2.796752617,2.694266157,4.640685835,2.106824918,2.413693432,,3.695863422,2.12671609,8.62212415,,2.861569467,1.654732345,1.616923077,2.088845689
3.527226033,,8.20979215,,6.321543408,5.474774775,5.153735972,5.602698629,1.901758408,2.222948033,,3.890113,2.203845641,2.1375,11.64446579,8.066741091,15.67727385,2.804686776,1.994650923,,1.70804158,4.63704145,5.723350161,3.421108686,1.431693049,,3.835351745,1.854314824,4.4745206,,3.6070791,1.157107528,1.520454545,2.5383567
1.36420134,,6.928225817,,7.199378882,7.173590504,6.854917975,8.148920718,1.782587282,2.474864779,,2.206092298,4.2977441,1.951538462,8.899667619,9.407483467,19.45691846,11.00358255,2.328464448,,1.25688118,4.300527797,9.036885051,,8.818026417,,3.737197946,1.666511447,5.920450747,,3.473711757,2.248977804,1.973333333,1.04669535
1.555266491,,2.734908683,,7.240062112,7.040243902,6.828660925,2.119896135,1.303496017,2.405661287,,4.254758962,3.902619814,2.222,7.617076142,9.35596025,14.0850269,11.66855637,2.207331044,,2.561346321,2.1230898,4.227177996,,9.282332733,,5.778725117,1.212281952,6.535259506,,4.026986457,1.166157007,1.923448276,1.207625679
1.607105545,,3.825370467,,7.513580247,7.138416422,5.183894342,3.431523172,9.1342204,2.239194982,,6.76174705,3.454169757,1.964615385,12.97191749,9.509300134,13.21446677,7.85759225,2.078344483,,1.559149443,2.686704544,3.103648394,,7.07672195,,4.170775033,5.2144788,4.865187763,,6.601868033,1.973557,1.709245283,1.861641069
2.087101679,,2.003387067,,6.856610169,6.720063694,6.521307854,8.304116717,2.06897215,2.735028952,,7.0279149,1.921808336,1.486363636,14.09247898,8.734891115,19.63025103,4.869956421,2.327341254,,2.117013567,1.585572649,9.052028633,,4.603441205,,2.296161239,2.14608995,6.37434194,,10.60303797,2.191014943,1.887368421,2.09020413
2.799027763,,2.6857833,,7.48757764,7.1771261,10.56170093,3.795457424,4.884001509,2.40202652,,9.3471721,2.272567845,2.017727273,15.60477692,6.115852375,19.56773343,8.32019775,2.441277373,,2.484239948,1.911807508,4.950009604,,6.892226367,,2.094682868,3.02620875,10.17990716,,9.585095833,1.286661266,1.56,2.746155714
1.742948824,,2.264020814,,7.958412698,7.600911854,4.819615706,6.093412729,5.372563271,2.323168312,,3.040573,9.18257595,2.022727273,11.85599249,6.429911679,12.14181433,7.4026092,2.299525818,,1.615371109,1.656222881,5.524300833,,7.49808922,,2.446205842,3.894305967,4.079776773,,2.646302533,2.524336492,1.617619048,3.317122917
1.696922036,,2.568972167,,7.555414013,7.147005988,6.899078316,7.040091683,5.998161439,2.281179287,,11.13776557,2.5889696,1.948461538,16.83206068,4.128145114,13.11858133,1.573219104,2.176497312,,2.760775067,1.946807643,7.2571298,,1.288378464,,4.042121908,1.79782268,6.374246383,,11.87171705,1.508452292,1.691666667,2.112036237
1.6825036,,2.908667123,,8.226498423,7.88253012,5.752366418,8.3348501,1.587291566,2.275031742,,2.515301045,7.295304767,1.94173913,11.24347539,7.905048683,14.59929273,7.202759883,2.058814807,,1.825293862,2.597140912,11.50792383,,5.403979333,,3.438359133,2.432036459,5.279214875,,2.387009476,5.28359915,1.55,2.091208536
2.9643409,,3.847214695,,5.468441065,5.790566038,8.568233544,8.690672533,8.177072917,2.277538557,,1.834739717,8.177093783,2.096666667,17.86570786,2.250568304,19.98288533,5.912672043,2.08156637,,4.661780017,2.744825857,14.32830917,,5.839396335,,3.817534733,4.663968091,8.052839012,,2.099338749,1.743361504,1.571538462,2.233942717
3.891797614,,4.875267317,,8.180448718,7.709580838,10.27147549,7.88213705,8.00025395,2.323308182,,4.113222483,5.012606229,1.604285714,19.64364223,6.539504204,12.8183341,10.21415612,2.198780602,,1.865903431,3.09880117,8.071231517,,7.1472059,,2.781127041,4.073021438,9.600068071,,3.777746767,1.602949471,1.83125,3.003077862
2.995409733,,4.344741817,,8.173267327,7.646646341,,8.395658466,5.597455582,2.296637152,,3.991876633,4.151679984,1.76,19.71730745,5.424237119,21.1196991,5.375855983,2.111258805,,1.827459571,3.187694735,11.39229337,,3.069399183,,3.682906296,2.795437055,,,3.742445417,2.917075633,1.993703704,4.029816172
3.679550633,,2.147830271,,7.7,7.6,,9.35675055,6.682826901,2.272332336,,3.97914478,8.400635758,1.930555556,11.23349784,8.063364633,15.19963571,11.49613036,2.037580558,,2.859503373,1.821759292,14.475857,,7.962781034,,1.954950065,2.627114891,,,3.695594898,5.078006317,1.645833333,3.315135051
6.753464115,,2.439002003,,7.891304348,7.509848485,,10.87097813,4.143078056,2.246881662,,3.9180366,7.427722935,2.0775,10.60205417,5.971259241,14.37355623,10.63928143,1.999725194,,4.266645433,1.574011882,15.615798,,7.031711417,,1.997170246,3.49885275,,,3.623632233,6.371464183,2.191129032,2.003003433
2.144434571,,4.03963775,,7.992822967,7.359322034,,8.272193383,4.094868585,2.259012144,,4.233452617,4.745601421,1.845555556,20.85656453,8.861064783,16.12170058,7.22274875,1.980540299,,5.309509683,2.668684417,9.21143395,,4.69526195,,2.488777097,,,,4.109687133,7.018922517,2.457708333,6.996409123
1.612091397,,2.61764525,,8.18685446,7.325,,5.906239833,4.466490417,2.252857835,,9.083238965,5.038102953,2.088333333,19.6917,6.538919,20.71827576,3.27622673,1.994132874,,6.665124017,2.23266895,4.17206085,,2.291284998,,2.337284815,,,,8.004658158,1.311048208,2.60443609,1.409140183
1.4989318,,2.998833367,,8.296153846,6.734509804,,5.401809823,4.710716831,2.278691285,,6.811661067,6.389865016,1.976666667,17.75215184,10.055668,19.75146657,6.228792985,2.026910496,,1.534348982,3.53774845,5.384305358,,4.960299138,,2.085873847,,,,7.05642275,7.547351176,2.734567901,1.998163528
2.827753733,,3.099541953,,5.080487805,5.488,,6.304129383,4.366636014,2.197081584,,4.031109367,,1.204444444,20.51017568,6.802227286,14.90803501,8.331602931,1.862510518,,7.002733306,,4.965137933,,6.818909375,,2.16944499,,,,3.9267147,1.857496364,2.393898305,1.304752879
4.551860648,,1.68257822,,4.890909091,5.515384615,,5.062671318,4.224185483,2.310639441,,3.584979,,2.283333333,12.1971788,8.689650567,14.36016029,10.67145978,1.908372471,,1.836083981,,3.264297256,,8.509862493,,2.612662123,,,,3.904494732,2.487022128,2.19972973,2.08152155
1.780311822,,3.100952725,,5.149593496,6.002272727,,4.062829003,5.437451953,2.265371292,,9.312183882,,2.003,20.61989941,8.516516867,14.48394278,9.276437775,1.823588523,,2.207828901,,2.762512889,,8.05386173,,1.797365036,,,,9.956693342,1.426361796,2.4684,2.12224044
3.9344991,,1.963476298,,5.078346457,5.709689922,,6.60671282,4.014035037,2.211266068,,4.079039562,,1.548888889,19.70532254,6.75795505,12.74901072,,1.842471661,,1.421087926,,5.482648541,,,,1.814255173,,,,3.689583319,1.83744093,2.608142857,1.00138466
2.198301633,,2.360000217,,4.933067729,6.048698885,,6.643414833,3.994006069,2.286501544,,2.778111353,,1.79625,11.35266842,1.415112338,20.10495093,,1.930165093,,2.08508078,,5.916369466,,,,1.685077778,,,,2.526257088,1.481093875,4.016979167,1.804859153
2.184018533,,2.953537573,,4.958333333,6.787068966,,4.60254471,8.77097772,2.2906644,,4.395884333,,1.825882353,10.99198013,7.293562431,12.99277135,,1.942815299,,1.580588463,,3.477345294,,,,4.242021309,,,,4.318360203,1.749659702,2.631165049,1.42175095
3.4138725,,1.66732744,,5.261623616,7.084090909,,6.900525281,,2.254270785,,3.483857892,,1.67,10.90768936,6.818087893,14.61577159,,1.916740638,,2.181466732,,5.209339671,,,,,,,,3.406015931,2.015671567,2.947,3.250263355
3.664685333,,5.082569653,,7.697359736,8.250909091,,7.712074927,,2.220151501,,5.967319443,,1.572142857,19.06024039,7.038627929,21.00041,,1.847298687,,1.875878679,,8.962955833,,,,,,,,5.709762143,1.953907152,2.719466667,1.763945283
3.157173018,,1.823009373,,7.572727273,5.42674772,,6.34216135,,2.283235672,,,,1.833461538,19.36038761,6.865090293,21.14844787,,1.862780526,,2.677464735,,5.2461344,,,,,,,,,1.078199134,1.95,2.5791247
1.024668586,,3.593822214,,5.111578947,5.996949153,,6.044852559,,2.305736243,,,,1.874285714,17.02850222,6.962109946,21.60099146,,1.973544247,,1.494571978,,5.244883657,,,,,,,,,,1.86,4.3032798
4.61455014,,2.350865672,,8.260124611,8.018181818,,4.001565956,,2.302396984,,,,1.756315789,10.22003451,7.207233717,16.90161794,,2.006008367,,,,4.40327908,,,,,,,,,,1.83,1.216689797
1.06559525,,7.322917367,,7.775641026,7.379566563,,6.590760903,,2.236626428,,,,2.113333333,18.19236633,7.572625881,16.73864244,,1.905177945,,,,5.389155984,,,,,,,,,,2.111818182,2.093865088
2.952610558,,2.157001932,,7.880188679,7.127329193,,8.312862918,,2.218365019,,,,1.650769231,10.05176943,7.958156421,17.75382697,,1.927230811,,,,10.82505611,,,,,,,,,,1.930714286,1.378528893
3.380723348,,1.634508153,,8.413880126,8.060869565,,7.714292787,,2.35557704,,,,1.7425,9.535325556,6.318148878,22.20370236,,1.95636647,,,,8.501376213,,,,,,,,,,2.2,2.235102395
1.255517186,,6.024111867,,8.141275168,8.240255591,,7.586984458,,2.438217726,,,,1.823636364,8.988853075,8.40111665,19.01505785,,1.923743836,,,,11.39923092,,,,,,,,,,2.18,2.679048837
3.374792455,,1.770529431,,4.926785714,6.3,,7.799703847,,2.25131154,,,,1.805,8.990142776,8.538888068,21.43783313,,1.64812085,,,,10.84400393,,,,,,,,,,2.03,1.376445683
2.135551668,,2.39113375,,5.089811321,7.014736842,,8.815640466,,2.31957793,,,,1.951666667,8.925700821,6.948958717,21.1451375,,1.621140082,,,,13.25304902,,,,,,,,,,2.286363636,2.185282592
1.336037032,,1.873622036,,4.874169742,7.183516484,,9.270690475,,2.30706793,,,,1.785,8.726397848,6.703617628,20.56474184,,1.863513696,,,,14.35893121,,,,,,,,,,1.59,1.577530195
5.072978017,,3.692105616,,4.851388889,7.362056738,,,,2.42315433,,,,1.72,4.231700917,6.678048695,20.28199176,,1.815207903,,,,,,,,,,,,,,1.81,1.170998339
1.472346436,,4.577849842,,2.532124352,5.50625,,,,2.565657931,,,,1.5625,6.478255345,6.646950105,20.28876997,,1.913584066,,,,,,,,,,,,,,1.575,6.442585186
5.365967267,,1.549947386,,2.475,5.069194313,,,,2.402237944,,,,1.74,4.458859686,6.452727303,20.30185964,,1.443227198,,,,,,,,,,,,,,1.95,1.935026691
1.4662075,,5.092808233,,1.048571429,4.059701493,,,,2.139555452,,,,1.812,4.49183131,6.318710045,10.99788938,,1.594311566,,,,,,,,,,,,,,1.61,2.629591383
3.424360661,,1.856169217,,1.040540541,3.932954545,,,,2.386365018,,,,1.943333333,9.48784931,7.293273537,18.15823918,,1.793234043,,,,,,,,,,,,,,1.38,1.10788375
4.713787017,,2.554604271,,1.365217391,4.899293286,,,,2.783905478,,,,2.06,6.977990848,8.223311831,11.50649003,,1.604921271,,,,,,,,,,,,,,1.513333333,1.844584776
1.725346243,,1.732927849,,1.74664311,5.053874539,,,,2.506500981,,,,1.58,6.635612351,7.51840537,11.69924017,,1.898334783,,,,,,,,,,,,,,1.59,2.26818735
6.193147133,,2.148089304,,1.706639004,4.967279412,,,,2.112706863,,,,1.87,7.591683815,6.664452125,16.93693892,,1.59294409,,,,,,,,,,,,,,2.055,1.283826543
2.113311714,,3.576111304,,1.649065421,4.776951673,,,,2.214289531,,,,2.065,7.182191577,7.904561747,13.76563373,,1.7138093,,,,,,,,,,,,,,2.21,2.5487301
1.702628034,,2.309964117,,1.381603774,4.68490566,,,,2.523009379,,,,1.832666667,7.041756347,,18.0980926,,1.421606028,,,,,,,,,,,,,,1.35,2.395126086
8.695558017,,1.827023821,,1.431718062,4.649438202,,,,1.853632287,,,,1.890666667,7.966939971,,18.50225891,,1.234996148,,,,,,,,,,,,,,1.88,1.178242549
1.816057891,,1.752637079,,2.13890785,4.96039604,,,,2.274784088,,,,1.87,7.309000744,,18.71664478,,1.328562782,,,,,,,,,,,,,,1.6,8.134650333
1.949159867,,,,1.715769231,4.82388664,,,,2.394368069,,,,1.73,9.74312289,,19.21624709,,1.956163443,,,,,,,,,,,,,,1.64,1.230830848
1.703754569,,,,1.719123506,4.884132841,,,,2.172832675,,,,2.374806202,8.625561909,,19.50804783,,1.683646535,,,,,,,,,,,,,,1.709,1.295235966
2.76953247,,,,1.925614035,4.613405797,,,,2.588378814,,,,2.802466667,8.712465964,,19.00224699,,1.669459398,,,,,,,,,,,,,,1.625,1.246663636
1.904226583,,,,1.88137931,4.664505119,,,,2.395232147,,,,5.096370968,8.84286982,,20.75840282,,1.574420036,,,,,,,,,,,,,,1.52,1.488425194
2.107412,,,,2.061279461,4.709191176,,,,2.755799948,,,,6.268709677,8.960809941,,20.9185538,,1.407299852,,,,,,,,,,,,,,1.61,1.237387867
2.704774579,,,,2.007291667,4.680985915,,,,2.063591373,,,,7.41312,9.008187644,,14.97059164,,1.291345559,,,,,,,,,,,,,,1.43,1.179137276
6.000891647,,,,2.003202847,3.662992126,,,,2.66384848,,,,19.566,11.40113942,,20.80246246,,1.416586655,,,,,,,,,,,,,,1.55,1.337822966
2.619857883,,,,2.459271523,3.820547945,,,,2.375197959,,,,11.7619697,11.41045396,,18.86440714,,2.433733882,,,,,,,,,,,,,,1.443333333,4.019597429
1.374626729,,,,2.854411765,4.376829268,,,,2.274554138,,,,8.344615385,11.68894438,,22.00291652,,2.181485815,,,,,,,,,,,,,,1.63,1.470551
3.15025285,,,,2.608385093,4.461818182,,,,2.262121663,,,,4.168,12.5096887,,16.26087035,,2.419251124,,,,,,,,,,,,,,1.74,1.116341011
1.462568949,,,,2.343113772,4.353374233,,,,2.443210161,,,,10.0,17.40166766,,15.61910771,,2.397187571,,,,,,,,,,,,,,1.48,1.614153031
3.90541965,,,,2.666366366,3.848961424,,,,2.405008698,,,,5.2275,11.89326433,,15.99834467,,2.037750393,,,,,,,,,,,,,,1.56,1.307350273
3.322046055,,,,2.553333333,3.783685801,,,,2.33045958,,,,2.679090909,16.59278875,,16.86475043,,2.024083782,,,,,,,,,,,,,,1.49,1.937374683
1.475532587,,,,3.556229514,2.01608092,,,,2.386659455,,,,1.703333333,15.93706115,,18.0720841,,2.101858521,,,,,,,,,,,,,,1.68,1.418403137
2.03703825,,,,3.045688293,1.559679826,,,,2.239757654,,,,1.325,15.95412848,,21.7409854,,1.859694288,,,,,,,,,,,,,,1.65,1.801136829
1.147831279,,,,3.771056661,1.459824651,,,,2.351977104,,,,1.1575,17.36175227,,18.93177138,,1.924077978,,,,,,,,,,,,,,1.1475,1.543225065
1.562975875,,,,3.869190647,1.619747124,,,,2.300580694,,,,2.035,18.86331395,,18.1745747,,2.059680426,,,,,,,,,,,,,,1.518235294,1.227281427
3.026984087,,,,4.481337496,1.753677094,,,,2.417971855,,,,2.88,17.45054566,,17.85318432,,1.986461109,,,,,,,,,,,,,,1.578571429,2.276757254
2.393058444,,,,3.336866726,1.592305784,,,,2.343461019,,,,3.09,18.99099747,,17.45304265,,1.85833687,,,,,,,,,,,,,,1.7,2.449127813
6.968368558,,,,4.135177986,1.516449778,,,,2.456770345,,,,1.658,19.61421827,,15.8366554,,1.950004673,,,,,,,,,,,,,,1.46,3.819726944
1.360684824,,,,3.832419468,1.503883083,,,,2.405532987,,,,1.55,14.28338128,,16.94072384,,1.91694563,,,,,,,,,,,,,,1.203333333,8.898839734
3.810797487,,,,4.142904878,1.718965713,,,,2.451615517,,,,2.16,14.70604947,,17.45273035,,1.98489684,,,,,,,,,,,,,,1.98,1.1476601
1.805165332,,,,4.414379256,1.864711823,,,,2.410830303,,,,2.63,15.19607522,,16.88860638,,1.908030302,,,,,,,,,,,,,,1.45,4.9652382
5.196108855,,,,4.434014284,1.785824244,,,,2.352344131,,,,1.85,14.45639856,,14.69838516,,1.807308076,,,,,,,,,,,,,,1.82,2.579303394
2.182460886,,,,4.63667291,2.116760625,,,,2.416353191,,,,1.648333333,14.91987746,,13.43734671,,1.864381101,,,,,,,,,,,,,,1.605,3.677783846
1.449360603,,,,4.524692914,1.851917358,,,,2.512758756,,,,3.33,13.1062804,,14.72568946,,1.926150842,,,,,,,,,,,,,,1.39,2.881786039
2.919477015,,,,4.523182189,1.886286259,,,,2.476746116,,,,1.83,13.31689595,,16.90802838,,1.844310716,,,,,,,,,,,,,,1.83,1.330349463
5.281331295,,,,4.374939406,1.92077563,,,,2.507228757,,,,2.33,13.53880163,,15.52511462,,1.896099208,,,,,,,,,,,,,,1.6,2.043926161
,,,,4.671515589,2.194073508,,,,2.509605298,,,,2.45,12.10698207,,16.69055403,,1.914154876,,,,,,,,,,,,,,1.68,4.05501313
,,,,4.608192067,2.102117714,,,,2.519072273,,,,2.78,11.5750288,,17.17873297,,1.947628493,,,,,,,,,,,,,,1.915,
,,,,4.568634256,2.018333744,,,,2.511226951,,,,3.75,12.27695385,,17.14112305,,1.902797082,,,,,,,,,,,,,,1.96,
,,,,4.573179273,2.164167786,,,,2.412987355,,,,3.33,10.56353073,,15.66168676,,1.681595481,,,,,,,,,,,,,,1.825,
,,,,4.338479809,1.517027696,,,,2.443283388,,,,1.78,9.735757826,,16.03847158,,1.742067762,,,,,,,,,,,,,,1.45,
,,,,3.664940986,1.462739825,,,,2.496230775,,,,2.93,6.971028116,,17.79838605,,1.920654446,,,,,,,,,,,,,,1.16,
,,,,4.066972067,1.558172226,,,,2.480287658,,,,2.534,6.509843168,,11.62286151,,1.478919642,,,,,,,,,,,,,,2.095,
,,,,4.606829564,2.045659569,,,,2.230715154,,,,3.39,7.089560235,,10.38760965,,1.499090339,,,,,,,,,,,,,,1.66625,
,,,,4.183589577,1.7971141,,,,2.3269282,,,,2.97,10.21667936,,12.07231623,,1.467964006,,,,,,,,,,,,,,1.792,
,,,,3.672795017,1.420635223,,,,,,,,2.22625,9.950010697,,10.06885314,,1.788245201,,,,,,,,,,,,,,1.673333333,
,,,,3.352460101,1.502932549,,,,,,,,2.067142857,6.007686837,,12.61734598,,1.315672028,,,,,,,,,,,,,,1.7875,
,,,,3.825591034,1.549804211,,,,,,,,3.13,9.549440469,,10.89402235,,1.348697585,,,,,,,,,,,,,,1.73,
,,,,3.498409816,1.508450826,,,,,,,,2.97,6.624532118,,11.12112027,,1.506041169,,,,,,,,,,,,,,1.65,
,,,,3.88365573,1.534832001,,,,,,,,3.18,9.8217933,,11.08314983,,1.877421165,,,,,,,,,,,,,,1.94,
,,,,3.634117214,1.531087875,,,,,,,,2.6475,6.903547656,,10.29833087,,1.858154739,,,,,,,,,,,,,,1.44,
,,,,4.100401537,1.599168777,,,,,,,,1.936666667,9.655267754,,12.87449446,,1.96271322,,,,,,,,,,,,,,1.83,
,,,,3.899412362,1.551448822,,,,,,,,3.974,9.597179327,,10.61188478,,1.833667894,,,,,,,,,,,,,,1.55,
,,,,4.145126591,1.790919113,,,,,,,,4.72,7.63073785,,14.05568446,,1.769635603,,,,,,,,,,,,,,1.954285714,
,,,,3.685743905,1.498114904,,,,,,,,3.75,9.848232532,,9.669423246,,1.415311598,,,,,,,,,,,,,,2.145,
,,,,3.543248465,1.519397736,,,,,,,,2.45,9.958714698,,9.861964433,,2.049122696,,,,,,,,,,,,,,2.043846154,
,,,,3.922040674,1.523542404,,,,,,,,4.306315789,7.048498639,,16.75957159,,1.474687868,,,,,,,,,,,,,,1.716666667,
,,,,4.151320909,9.099775605,,,,,,,,2.12,10.43752902,,10.6663078,,1.35958227,,,,,,,,,,,,,,2.018333333,
,,,,4.352926865,12.00367807,,,,,,,,4.42,7.947049174,,10.88891735,,1.734436659,,,,,,,,,,,,,,1.93,
,,,,4.378199024,12.6845182,,,,,,,,2.98,7.652271736,,14.63954726,,1.463169373,,,,,,,,,,,,,,1.85,
,,,,5.985237706,11.02346704,,,,,,,,2.53,10.88134863,,10.71482525,,1.822879235,,,,,,,,,,,,,,2.01125,
,,,,8.938000544,8.120625231,,,,,,,,3.54,10.52919663,,17.89597464,,1.795822365,,,,,,,,,,,,,,1.580924036,
,,,,12.37773711,14.56891705,,,,,,,,3.35,8.318141585,,13.99248442,,2.085634287,,,,,,,,,,,,,,1.1,
,,,,11.64429213,15.67396949,,,,,,,,2.99125,10.82714952,,10.99079497,,1.753320475,,,,,,,,,,,,,,1.94,
,,,,8.899667619,19.45639264,,,,,,,,3.333333333,11.53691935,,10.48698829,,1.538734144,,,,,,,,,,,,,,2.310714286,
,,,,7.616973333,14.08445556,,,,,,,,3.03,9.799890329,,16.04727067,,2.051536269,,,,,,,,,,,,,,2.338571429,
,,,,12.97269157,13.21337284,,,,,,,,2.875,11.13718961,,10.31090235,,1.680014,,,,,,,,,,,,,,2.08,
,,,,14.09326619,19.63025103,,,,,,,,5.0,10.90888571,,11.35415615,,1.315420651,,,,,,,,,,,,,,1.89,
,,,,15.60477692,19.56686477,,,,,,,,3.403333333,,,14.33964563,,1.491746778,,,,,,,,,,,,,,1.8425,
,,,,11.85599249,12.14246548,,,,,,,,,,,11.43786569,,1.499404168,,,,,,,,,,,,,,2.41,
,,,,16.82921171,13.11757006,,,,,,,,,,,11.63564594,,1.51389973,,,,,,,,,,,,,,2.17,
,,,,11.24555449,14.59929273,,,,,,,,,,,,,1.418992366,,,,,,,,,,,,,,1.585714286,
,,,,17.86570786,19.98288533,,,,,,,,,,,,,1.895662425,,,,,,,,,,,,,,1.927,
,,,,19.64385425,12.81665491,,,,,,,,,,,,,1.997032147,,,,,,,,,,,,,,2.08,
,,,,19.7158567,21.12253634,,,,,,,,,,,,,1.517283836,,,,,,,,,,,,,,2.04,
,,,,11.23408292,15.19963571,,,,,,,,,,,,,1.618725296,,,,,,,,,,,,,,2.14,
,,,,10.60170096,14.37277733,,,,,,,,,,,,,1.578801884,,,,,,,,,,,,,,1.263333333,
,,,,20.85623773,16.12125942,,,,,,,,,,,,,2.049939978,,,,,,,,,,,,,,2.04,
,,,,19.6917,20.71853799,,,,,,,,,,,,,1.75802746,,,,,,,,,,,,,,2.0,
,,,,17.76733349,19.75280776,,,,,,,,,,,,,1.422273939,,,,,,,,,,,,,,1.71,
,,,,20.51168318,14.90907708,,,,,,,,,,,,,3.053740025,,,,,,,,,,,,,,1.325,
,,,,12.1984959,14.36071358,,,,,,,,,,,,,3.053740025,,,,,,,,,,,,,,1.88,
,,,,20.61989941,14.49283559,,,,,,,,,,,,,3.053740025,,,,,,,,,,,,,,1.77,
,,,,19.70725778,12.74617267,,,,,,,,,,,,,3.053740025,,,,,,,,,,,,,,1.77,
,,,,11.35263877,20.10477764,,,,,,,,,,,,,3.053740025,,,,,,,,,,,,,,1.92,
,,,,10.99198013,12.99277135,,,,,,,,,,,,,3.053740025,,,,,,,,,,,,,,1.97,
,,,,10.90744049,14.61779942,,,,,,,,,,,,,3.053740025,,,,,,,,,,,,,,2.066,
,,,,19.06024039,21.00188731,,,,,,,,,,,,,3.053740025,,,,,,,,,,,,,,1.96,
,,,,19.3611253,21.14844787,,,,,,,,,,,,,3.053740025,,,,,,,,,,,,,,1.948571429,
,,,,17.02969684,21.60231346,,,,,,,,,,,,,3.053740025,,,,,,,,,,,,,,6.008333333,
,,,,10.2192261,16.90161794,,,,,,,,,,,,,3.053740025,,,,,,,,,,,,,,9.583333333,
,,,,18.21831672,16.73664957,,,,,,,,,,,,,3.053740025,,,,,,,,,,,,,,9.94,
,,,,10.05177584,17.75419394,,,,,,,,,,,,,3.053740025,,,,,,,,,,,,,,8.48,
,,,,9.533920772,22.20311593,,,,,,,,,,,,,3.053740025,,,,,,,,,,,,,,8.81,
,,,,8.988487433,19.00495833,,,,,,,,,,,,,3.053740025,,,,,,,,,,,,,,8.75,
,,,,8.99690256,21.43698838,,,,,,,,,,,,,3.053740025,,,,,,,,,,,,,,9.23,
,,,,8.925060088,21.14429435,,,,,,,,,,,,,3.053740025,,,,,,,,,,,,,,8.77,
,,,,8.723995758,20.56278657,,,,,,,,,,,,,3.053740025,,,,,,,,,,,,,,8.4,
,,,,4.230393692,20.28419705,,,,,,,,,,,,,3.053740025,,,,,,,,,,,,,,8.2,
,,,,6.482231148,20.28791491,,,,,,,,,,,,,3.053740025,,,,,,,,,,,,,,8.15,
,,,,4.461680603,20.29983473,,,,,,,,,,,,,3.053740025,,,,,,,,,,,,,,12.12,
,,,,4.490666326,10.99884531,,,,,,,,,,,,,3.053740025,,,,,,,,,,,,,,12.0,
,,,,9.509848588,18.1637652,,,,,,,,,,,,,3.053740025,,,,,,,,,,,,,,12.02,
,,,,6.980713082,11.51122212,,,,,,,,,,,,,3.053740025,,,,,,,,,,,,,,12.06,
,,,,6.637916006,11.69622787,,,,,,,,,,,,,3.053740025,,,,,,,,,,,,,,12.08,
,,,,7.59453071,16.94915225,,,,,,,,,,,,,3.053740025,,,,,,,,,,,,,,11.99,
,,,,7.182362776,13.78346766,,,,,,,,,,,,,3.053740025,,,,,,,,,,,,,,11.95,
,,,,7.043025449,18.10140979,,,,,,,,,,,,,3.053740025,,,,,,,,,,,,,,11.93,
,,,,7.969496401,18.50225891,,,,,,,,,,,,,3.053740025,,,,,,,,,,,,,,11.98,
,,,,7.309308388,18.71680952,,,,,,,,,,,,,3.053740025,,,,,,,,,,,,,,11.86,
,,,,9.74312289,19.21594509,,,,,,,,,,,,,3.053740025,,,,,,,,,,,,,,11.81,
,,,,8.625124369,19.50920203,,,,,,,,,,,,,3.053740025,,,,,,,,,,,,,,11.85,
,,,,8.711090355,19.00085402,,,,,,,,,,,,,3.053740025,,,,,,,,,,,,,,11.83,
,,,,8.842437868,20.75840282,,,,,,,,,,,,,3.053740025,,,,,,,,,,,,,,11.85,
,,,,8.957482367,20.91815291,,,,,,,,,,,,,3.053740025,,,,,,,,,,,,,,11.95,
,,,,9.007476152,14.96883247,,,,,,,,,,,,,3.053740025,,,,,,,,,,,,,,12.27,
,,,,11.39783895,20.80158441,,,,,,,,,,,,,3.053740025,,,,,,,,,,,,,,11.91,
,,,,11.40973519,18.85548794,,,,,,,,,,,,,3.053740025,,,,,,,,,,,,,,12.49,
,,,,11.69023064,22.00117988,,,,,,,,,,,,,3.053740025,,,,,,,,,,,,,,11.78,
,,,,12.5096887,16.25706122,,,,,,,,,,,,,3.053740025,,,,,,,,,,,,,,11.82,
,,,,17.40283166,15.62026866,,,,,,,,,,,,,3.053740025,,,,,,,,,,,,,,12.29,
,,,,11.89226353,15.99782428,,,,,,,,,,,,,3.053740025,,,,,,,,,,,,,,11.72,
,,,,16.59278875,16.86475043,,,,,,,,,,,,,3.053740025,,,,,,,,,,,,,,11.78,
,,,,15.93706115,18.06807069,,,,,,,,,,,,,3.053740025,,,,,,,,,,,,,,11.73,
,,,,15.95357752,21.74208975,,,,,,,,,,,,,3.053740025,,,,,,,,,,,,,,11.79,
,,,,17.36255714,18.93177138,,,,,,,,,,,,,3.053740025,,,,,,,,,,,,,,12.33,
,,,,18.86445769,18.1745747,,,,,,,,,,,,,3.053740025,,,,,,,,,,,,,,11.92,
,,,,17.45056796,17.85286855,,,,,,,,,,,,,3.053740025,,,,,,,,,,,,,,12.3,
,,,,18.99079937,17.45610778,,,,,,,,,,,,,1.030801025,,,,,,,,,,,,,,12.31,
,,,,19.61535048,15.83844843,,,,,,,,,,,,,1.00420364,,,,,,,,,,,,,,12.23,
,,,,14.28434186,16.94312174,,,,,,,,,,,,,1.878927035,,,,,,,,,,,,,,11.8,
,,,,14.70582933,17.45404551,,,,,,,,,,,,,1.773230871,,,,,,,,,,,,,,11.78,
,,,,15.19477716,16.88977238,,,,,,,,,,,,,1.083735206,,,,,,,,,,,,,,12.02,
,,,,14.45639856,14.69919129,,,,,,,,,,,,,1.005357697,,,,,,,,,,,,,,13.5,
,,,,14.91987746,13.43739281,,,,,,,,,,,,,1.154933148,,,,,,,,,,,,,,13.5,
,,,,13.10612886,14.72511238,,,,,,,,,,,,,1.327400631,,,,,,,,,,,,,,13.5,
,,,,13.31769103,16.90748604,,,,,,,,,,,,,1.217301923,,,,,,,,,,,,,,13.5,
,,,,13.5387435,15.52572914,,,,,,,,,,,,,1.29399937,,,,,,,,,,,,,,13.5,
,,,,12.1068502,16.68988084,,,,,,,,,,,,,1.046922938,,,,,,,,,,,,,,13.5,
,,,,11.57491245,17.17838315,,,,,,,,,,,,,1.354498053,,,,,,,,,,,,,,13.5,
,,,,12.27695385,17.13934078,,,,,,,,,,,,,1.327115165,,,,,,,,,,,,,,13.5,
,,,,10.56352339,15.66168676,,,,,,,,,,,,,1.241434053,,,,,,,,,,,,,,12.28,
,,,,9.73554038,16.03884947,,,,,,,,,,,,,1.324415784,,,,,,,,,,,,,,12.24,
,,,,6.97078661,17.79804258,,,,,,,,,,,,,1.064881767,,,,,,,,,,,,,,12.1,
,,,,6.510402467,11.62317908,,,,,,,,,,,,,1.006319904,,,,,,,,,,,,,,11.67,
,,,,7.089946182,10.38760965,,,,,,,,,,,,,1.072004318,,,,,,,,,,,,,,12.02,
,,,,10.21682841,12.07291362,,,,,,,,,,,,,1.047422287,,,,,,,,,,,,,,12.22,
,,,,9.9497706,10.06880242,,,,,,,,,,,,,1.081973971,,,,,,,,,,,,,,11.63,
,,,,6.007686837,12.61634655,,,,,,,,,,,,,1.051476751,,,,,,,,,,,,,,11.5,
,,,,9.548817056,10.89366566,,,,,,,,,,,,,1.094811611,,,,,,,,,,,,,,11.84,
,,,,6.625328432,11.11990717,,,,,,,,,,,,,1.061262267,,,,,,,,,,,,,,11.32,
,,,,9.8217933,11.08314983,,,,,,,,,,,,,1.025555215,,,,,,,,,,,,,,11.51,
,,,,6.904907053,10.29762662,,,,,,,,,,,,,1.013146964,,,,,,,,,,,,,,11.32,
,,,,9.657311888,12.87520321,,,,,,,,,,,,,1.033352125,,,,,,,,,,,,,,11.12,
,,,,9.59699755,10.61185652,,,,,,,,,,,,,1.006875221,,,,,,,,,,,,,,10.87,
,,,,7.631553648,14.05330791,,,,,,,,,,,,,1.000234604,,,,,,,,,,,,,,10.87,
,,,,9.848375032,9.67106515,,,,,,,,,,,,,1.002815247,,,,,,,,,,,,,,10.69,
,,,,9.959223345,9.861964433,,,,,,,,,,,,,1.045017893,,,,,,,,,,,,,,10.95,
,,,,7.048498639,16.76252348,,,,,,,,,,,,,1.058840797,,,,,,,,,,,,,,10.55,
,,,,10.43714175,10.6663078,,,,,,,,,,,,,1.117315781,,,,,,,,,,,,,,10.53,
,,,,7.946415279,10.88869694,,,,,,,,,,,,,1.128426266,,,,,,,,,,,,,,1.49,
,,,,7.652271736,14.64061389,,,,,,,,,,,,,1.014119658,,,,,,,,,,,,,,1.08,
,,,,10.88104694,10.71460166,,,,,,,,,,,,,1.07100746,,,,,,,,,,,,,,1.47,
,,,,10.52798283,17.89323153,,,,,,,,,,,,,1.053583516,,,,,,,,,,,,,,1.47,
,,,,8.319439021,13.99248442,,,,,,,,,,,,,1.002086226,,,,,,,,,,,,,,1.38,
,,,,10.8283929,10.99160997,,,,,,,,,,,,,1.163590113,,,,,,,,,,,,,,1.4,
,,,,11.53691935,10.48738671,,,,,,,,,,,,,1.021277149,,,,,,,,,,,,,,1.67,
,,,,9.799280988,16.04727067,,,,,,,,,,,,,1.052659499,,,,,,,,,,,,,,1.41,
,,,,11.13664434,10.31134595,,,,,,,,,,,,,1.005789121,,,,,,,,,,,,,,1.73,
,,,,10.90972977,11.35415615,,,,,,,,,,,,,1.045133176,,,,,,,,,,,,,,1.44,
,,,,,14.33871805,,,,,,,,,,,,,1.090431092,,,,,,,,,,,,,,1.39,
,,,,,11.43564221,,,,,,,,,,,,,1.006643605,,,,,,,,,,,,,,1.533333333,
,,,,,11.63545188,,,,,,,,,,,,,1.019331932,,,,,,,,,,,,,,1.62,
,,,,,,,,,,,,,,,,,,1.08060407,,,,,,,,,,,,,,1.54,
,,,,,,,,,,,,,,,,,,1.078565314,,,,,,,,,,,,,,1.58125,
,,,,,,,,,,,,,,,,,,1.058636149,,,,,,,,,,,,,,1.801666667,
,,,,,,,,,,,,,,,,,,1.09692806,,,,,,,,,,,,,,1.62,
,,,,,,,,,,,,,,,,,,1.05604119,,,,,,,,,,,,,,1.5,
,,,,,,,,,,,,,,,,,,1.035444135,,,,,,,,,,,,,,1.58,
,,,,,,,,,,,,,,,,,,1.014503256,,,,,,,,,,,,,,1.38,
,,,,,,,,,,,,,,,,,,1.079400882,,,,,,,,,,,,,,1.12,
,,,,,,,,,,,,,,,,,,1.008902595,,,,,,,,,,,,,,1.27,
,,,,,,,,,,,,,,,,,,1.00726117,,,,,,,,,,,,,,1.24,
,,,,,,,,,,,,,,,,,,1.040948909,,,,,,,,,,,,,,1.29,
,,,,,,,,,,,,,,,,,,1.020585063,,,,,,,,,,,,,,1.437142857,
,,,,,,,,,,,,,,,,,,1.031423152,,,,,,,,,,,,,,1.12,
,,,,,,,,,,,,,,,,,,1.114821038,,,,,,,,,,,,,,1.13,
,,,,,,,,,,,,,,,,,,1.022150112,,,,,,,,,,,,,,1.15,
,,,,,,,,,,,,,,,,,,1.058195689,,,,,,,,,,,,,,1.19,
,,,,,,,,,,,,,,,,,,1.029309393,,,,,,,,,,,,,,1.12,
,,,,,,,,,,,,,,,,,,1.199188056,,,,,,,,,,,,,,1.23,
,,,,,,,,,,,,,,,,,,1.174031449,,,,,,,,,,,,,,1.16,
,,,,,,,,,,,,,,,,,,1.21110478,,,,,,,,,,,,,,1.05,
,,,,,,,,,,,,,,,,,,1.110176526,,,,,,,,,,,,,,,
,,,,,,,,,,,,,,,,,,1.153732949,,,,,,,,,,,,,,,
,,,,,,,,,,,,,,,,,,1.196920222,,,,,,,,,,,,,,,
,,,,,,,,,,,,,,,,,,1.111558986,,,,,,,,,,,,,,,
,,,,,,,,,,,,,,,,,,1.142835355,,,,,,,,,,,,,,,
,,,,,,,,,,,,,,,,,,1.222944672,,,,,,,,,,,,,,,
,,,,,,,,,,,,,,,,,,1.148281763,,,,,,,,,,,,,,,
,,,,,,,,,,,,,,,,,,1.109240418,,,,,,,,,,,,,,,
,,,,,,,,,,,,,,,,,,1.18988463,,,,,,,,,,,,,,,
,,,,,,,,,,,,,,,,,,1.033967633,,,,,,,,,,,,,,,
,,,,,,,,,,,,,,,,,,1.098132692,,,,,,,,,,,,,,,
,,,,,,,,,,,,,,,,,,1.118793505,,,,,,,,,,,,,,,
,,,,,,,,,,,,,,,,,,1.140061955,,,,,,,,,,,,,,,
,,,,,,,,,,,,,,,,,,1.131185312,,,,,,,,,,,,,,,
,,,,,,,,,,,,,,,,,,1.10310497,,,,,,,,,,,,,,,
,,,,,,,,,,,,,,,,,,1.100057745,,,,,,,,,,,,,,,
,,,,,,,,,,,,,,,,,,1.186103338,,,,,,,,,,,,,,,
,,,,,,,,,,,,,,,,,,1.114920114,,,,,,,,,,,,,,,
,,,,,,,,,,,,,,,,,,1.036702507,,,,,,,,,,,,,,,
,,,,,,,,,,,,,,,,,,1.153385062,,,,,,,,,,,,,,,
,,,,,,,,,,,,,,,,,,1.058006309,,,,,,,,,,,,,,,
,,,,,,,,,,,,,,,,,,1.129790023,,,,,,,,,,,,,,,
,,,,,,,,,,,,,,,,,,1.161389061,,,,,,,,,,,,,,,
,,,,,,,,,,,,,,,,,,1.195887867,,,,,,,,,,,,,,,
,,,,,,,,,,,,,,,,,,1.224576694,,,,,,,,,,,,,,,
,,,,,,,,,,,,,,,,,,1.226257059,,,,,,,,,,,,,,,
,,,,,,,,,,,,,,,,,,1.212513411,,,,,,,,,,,,,,,
,,,,,,,,,,,,,,,,,,1.209405253,,,,,,,,,,,,,,,
,,,,,,,,,,,,,,,,,,1.204361598,,,,,,,,,,,,,,,
,,,,,,,,,,,,,,,,,,1.228099053,,,,,,,,,,,,,,,
,,,,,,,,,,,,,,,,,,1.200584784,,,,,,,,,,,,,,,
,,,,,,,,,,,,,,,,,,1.214412449,,,,,,,,,,,,,,,
,,,,,,,,,,,,,,,,,,1.201512003,,,,,,,,,,,,,,,
,,,,,,,,,,,,,,,,,,1.448314688,,,,,,,,,,,,,,,
,,,,,,,,,,,,,,,,,,1.246812707,,,,,,,,,,,,,,,
,,,,,,,,,,,,,,,,,,1.239918582,,,,,,,,,,,,,,,
,,,,,,,,,,,,,,,,,,1.5791627,,,,,,,,,,,,,,,
,,,,,,,,,,,,,,,,,,1.472530182,,,,,,,,,,,,,,,
,,,,,,,,,,,,,,,,,,1.499587454,,,,,,,,,,,,,,,
,,,,,,,,,,,,,,,,,,1.839141453,,,,,,,,,,,,,,,
,,,,,,,,,,,,,,,,,,1.851799278,,,,,,,,,,,,,,,
,,,,,,,,,,,,,,,,,,1.881721626,,,,,,,,,,,,,,,
,,,,,,,,,,,,,,,,,,2.015799178,,,,,,,,,,,,,,,
,,,,,,,,,,,,,,,,,,1.865957852,,,,,,,,,,,,,,,
,,,,,,,,,,,,,,,,,,1.924834789,,,,,,,,,,,,,,,
,,,,,,,,,,,,,,,,,,1.796842399,,,,,,,,,,,,,,,
,,,,,,,,,,,,,,,,,,2.034404213,,,,,,,,,,,,,,,
,,,,,,,,,,,,,,,,,,1.480180339,,,,,,,,,,,,,,,
,,,,,,,,,,,,,,,,,,1.301948418,,,,,,,,,,,,,,,
,,,,,,,,,,,,,,,,,,1.911078763,,,,,,,,,,,,,,,
,,,,,,,,,,,,,,,,,,1.570885494,,,,,,,,,,,,,,,
,,,,,,,,,,,,,,,,,,1.865681419,,,,,,,,,,,,,,,
,,,,,,,,,,,,,,,,,,1.511291433,,,,,,,,,,,,,,,
,,,,,,,,,,,,,,,,,,1.380273284,,,,,,,,,,,,,,,
,,,,,,,,,,,,,,,,,,1.517665601,,,,,,,,,,,,,,,
,,,,,,,,,,,,,,,,,,1.510343693,,,,,,,,,,,,,,,
,,,,,,,,,,,,,,,,,,1.560722888,,,,,,,,,,,,,,,
,,,,,,,,,,,,,,,,,,1.379436384,,,,,,,,,,,,,,,
,,,,,,,,,,,,,,,,,,1.334920693,,,,,,,,,,,,,,,
,,,,,,,,,,,,,,,,,,1.797659345,,,,,,,,,,,,,,,
,,,,,,,,,,,,,,,,,,1.612951667,,,,,,,,,,,,,,,
,,,,,,,,,,,,,,,,,,1.325992634,,,,,,,,,,,,,,,
,,,,,,,,,,,,,,,,,,1.563506066,,,,,,,,,,,,,,,
,,,,,,,,,,,,,,,,,,1.609949148,,,,,,,,,,,,,,,
,,,,,,,,,,,,,,,,,,1.592261856,,,,,,,,,,,,,,,
,,,,,,,,,,,,,,,,,,1.594299574,,,,,,,,,,,,,,,
,,,,,,,,,,,,,,,,,,1.539190967,,,,,,,,,,,,,,,
,,,,,,,,,,,,,,,,,,1.611226463,,,,,,,,,,,,,,,
,,,,,,,,,,,,,,,,,,1.392222297,,,,,,,,,,,,,,,
,,,,,,,,,,,,,,,,,,1.568841828,,,,,,,,,,,,,,,
,,,,,,,,,,,,,,,,,,1.410084888,,,,,,,,,,,,,,,
,,,,,,,,,,,,,,,,,,1.628946469,,,,,,,,,,,,,,,
,,,,,,,,,,,,,,,,,,1.611765891,,,,,,,,,,,,,,,
,,,,,,,,,,,,,,,,,,1.624905627,,,,,,,,,,,,,,,
,,,,,,,,,,,,,,,,,,1.656360761,,,,,,,,,,,,,,,
,,,,,,,,,,,,,,,,,,1.732761687,,,,,,,,,,,,,,,
,,,,,,,,,,,,,,,,,,1.381029368,,,,,,,,,,,,,,,
,,,,,,,,,,,,,,,,,,1.378985372,,,,,,,,,,,,,,,
,,,,,,,,,,,,,,,,,,1.368765279,,,,,,,,,,,,,,,
,,,,,,,,,,,,,,,,,,1.478059736,,,,,,,,,,,,,,,
,,,,,,,,,,,,,,,,,,1.366823264,,,,,,,,,,,,,,,
,,,,,,,,,,,,,,,,,,2.375796927,,,,,,,,,,,,,,,
,,,,,,,,,,,,,,,,,,5.904759542,,,,,,,,,,,,,,,
,,,,,,,,,,,,,,,,,,2.36995334,,,,,,,,,,,,,,,
,,,,,,,,,,,,,,,,,,3.941962181,,,,,,,,,,,,,,,
,,,,,,,,,,,,,,,,,,2.099816336,,,,,,,,,,,,,,,
,,,,,,,,,,,,,,,,,,3.99373316,,,,,,,,,,,,,,,
,,,,,,,,,,,,,,,,,,3.95510829,,,,,,,,,,,,,,,
,,,,,,,,,,,,,,,,,,2.387242277,,,,,,,,,,,,,,,
,,,,,,,,,,,,,,,,,,2.555587927,,,,,,,,,,,,,,,
,,,,,,,,,,,,,,,,,,3.268652041,,,,,,,,,,,,,,,
,,,,,,,,,,,,,,,,,,4.654591384,,,,,,,,,,,,,,,
,,,,,,,,,,,,,,,,,,2.745477647,,,,,,,,,,,,,,,
,,,,,,,,,,,,,,,,,,2.023844839,,,,,,,,,,,,,,,
,,,,,,,,,,,,,,,,,,2.254563555,,,,,,,,,,,,,,,
,,,,,,,,,,,,,,,,,,3.743956192,,,,,,,,,,,,,,,
,,,,,,,,,,,,,,,,,,3.27668325,,,,,,,,,,,,,,,
,,,,,,,,,,,,,,,,,,2.064688607,,,,,,,,,,,,,,,
,,,,,,,,,,,,,,,,,,1.743588683,,,,,,,,,,,,,,,
,,,,,,,,,,,,,,,,,,1.525420289,,,,,,,,,,,,,,,
,,,,,,,,,,,,,,,,,,1.224847726,,,,,,,,,,,,,,,
,,,,,,,,,,,,,,,,,,1.260147228,,,,,,,,,,,,,,,
,,,,,,,,,,,,,,,,,,2.434320595,,,,,,,,,,,,,,,
,,,,,,,,,,,,,,,,,,2.367817287,,,,,,,,,,,,,,,
,,,,,,,,,,,,,,,,,,2.280660289,,,,,,,,,,,,,,,
,,,,,,,,,,,,,,,,,,3.742474534,,,,,,,,,,,,,,,
,,,,,,,,,,,,,,,,,,3.245273551,,,,,,,,,,,,,,,
,,,,,,,,,,,,,,,,,,2.934736869,,,,,,,,,,,,,,,
,,,,,,,,,,,,,,,,,,2.98940087,,,,,,,,,,,,,,,
,,,,,,,,,,,,,,,,,,1.331599379,,,,,,,,,,,,,,,
,,,,,,,,,,,,,,,,,,2.914390067,,,,,,,,,,,,,,,
,,,,,,,,,,,,,,,,,,3.421473484,,,,,,,,,,,,,,,
,,,,,,,,,,,,,,,,,,3.098298935,,,,,,,,,,,,,,,
,,,,,,,,,,,,,,,,,,3.040315894,,,,,,,,,,,,,,,
,,,,,,,,,,,,,,,,,,2.313301629,,,,,,,,,,,,,,,
,,,,,,,,,,,,,,,,,,2.507216956,,,,,,,,,,,,,,,
,,,,,,,,,,,,,,,,,,3.389245362,,,,,,,,,,,,,,,
,,,,,,,,,,,,,,,,,,2.651790501,,,,,,,,,,,,,,,
