HT_NA_NA_NA_DNA_VM_HO-AotMh,HT_NA_NA_NA_DNA_VM_HO-BjARE,HT_GB_SH_NA_DNA_VM_HO-zbqiU,HT_GB_SH_NA_DNA_VM_HO-93Oix,GN_GB_ND_SH_DNA_VM_HO-Cv7xc,GN_GB_ND_SH_DNA_VM_HO-Db5kr
3.394117664,2.80516854,3.805882351,4.094230771,5.576444444,6.181060606
5.786755757,4.467649132,4.067741871,1.811235925,5.456355932,6.117054264
3.170000076,2.866666694,4.845488724,4.163829776,5.121875,5.64270073
3.210000038,2.766571447,4.30549828,4.611594203,5.592,6.360363636
3.200000048,2.680416703,5.386919937,2.569999933,5.930107527,6.79137931
6.275714318,3.619565191,5.219718319,4.93925928,4.550406504,5.987124464
3.140000105,2.605000019,5.422357798,2.857142883,4.467965368,6.375390625
5.558095203,4.246575342,5.379929579,4.885053409,4.389528796,6.556521739
3.150000016,2.555999994,5.125114069,2.553571377,4.150980392,6.043243243
3.089999914,2.50333333,5.143265228,2.474537061,4.057835821,7.646206897
3.130000114,2.569999933,5.468205159,2.701298697,4.946640316,8.527705628
3,2.425000072,5.382720653,2.619999949,4.661038961,7.420192308
5.657521348,4.336074791,5.219047645,2.654404119,4.721004566,7.61790393
5.589128637,4.329047646,5.405349859,2.833333333,4.549803922,8.519140625
3.059999943,2.380000114,5.052813802,2.411111169,7.088421053,9.679359431
3.099999905,2.415000021,5.14199996,2.63421048,5.341984733,8.674144487
3.039999962,2.389999986,5.198031495,2.7173913,5.18875,7.141908714
3.079999924,2.40999999,5.287984491,2.833333333,5.062780269,7.008677686
3.140000105,2.314999938,4.715573764,2.138461498,5.330373832,7.717391304
6.098498041,4.391230158,4.230364332,2.060526258,8.681012658,8.985285285
3.13500011,2.390000105,4.362204762,2.340983618,5.065437788,6.559821429
3.089999914,2.180000067,4.324354283,2.055244704,8.134954407,6.908083832
3.170000076,1.820000052,5.595505634,3.493243246,4.865178571,6.038339921
3.00999999,2.354999959,5.730136991,3.425925931,7.369354839,6.886018237
2.925000072,2.413157915,5.380000008,3.570714293,4.4692,5.562151394
2.80583333,2.442405061,5.065646275,3.888560888,7.36749226,6.277313433
2.950000011,2.44051021,5.382352943,3.25652174,5.012030075,4.727777778
3.242359555,2.442539679,5.635540088,3.615384622,7.070532915,6.162804878
3.360860218,2.530687506,5.309342577,3.700000011,4.46227758,4.827915194
3.388547483,2.446626507,4.800000018,1.962612592,4.581632653,4.847194719
3.469954543,2.564148949,4.907865201,1.890232533,6.90192926,6.483035714
7.896009389,6.907802211,5.551923086,2.355851064,6.619365079,5.781388013
6.836546161,6.656782962,4.648518532,1.792760182,6.321543408,5.474774775
6.529016381,6.492109386,6.303124992,3.601052638,7.199378882,7.173590504
4.819444418,4.599999905,9.212946406,6.788311673,7.240062112,7.040243902
4.773636341,4.559999943,6.264529888,4.407758616,7.513580247,7.138416422
5.769999981,5.320000172,5.880000001,4.392274692,6.856610169,6.720063694
4.571428571,4.4599998,5.318421067,4.22422907,7.48757764,7.1771261
7.233539805,6.774044955,6.987224669,6.11484716,7.958412698,7.600911854
4.96999979,4.71999979,8.570869599,6.76059322,7.555414013,7.147005988
7.511863665,6.59237866,10.06753246,8.806329126,8.226498423,7.88253012
9.583571366,8.394000053,10.94177217,8.83025208,5.468441065,5.790566038
5.079999924,4.820000172,12.79662446,9.605020922,8.180448718,7.709580838
4.96999979,4.739999771,5.959090948,4.324359096,8.173267327,7.646646341
4.889999866,4.690000057,6.444642904,4.403030367,7.7,7.6
4.800000191,4.53000021,7.868995683,6.473191468,7.891304348,7.509848485
4.659999847,4.400000095,1.931390124,2.898297855,7.992822967,7.359322034
4.679999828,4.510000229,7.56414142,5.416216223,8.18685446,7.325
4.610000134,4.510000229,8.034615521,4.899069786,8.296153846,6.734509804
6.956528892,6.310381695,9.688000043,8.656595752,5.080487805,5.488
5.139999866,4.909999847,8.565765845,6.651072933,4.890909091,5.515384615
5.059999943,4.760000229,8.498701341,6.236403511,5.149593496,6.002272727
4.889999866,4.71999979,11.6264069,9.819491475,5.078346457,5.709689922
6.732983841,5.877644784,11.63722939,9.97573223,4.933067729,6.048698885
4.659999847,4.610000134,11.04978725,9.685470059,4.958333333,6.787068966
4.699999809,4.53000021,11.64152539,8.875105461,5.261623616,7.084090909
4.769999981,4.559999943,13.27167383,10.06468086,7.697359736,8.250909091
4.820000172,4.53000021,15.09342103,14.82136754,7.572727273,5.42674772
4.730000019,4.53000021,7.983410244,5.091111141,5.111578947,5.996949153
4.699999809,4.46999979,6.441150427,3.44273128,8.260124611,8.018181818
4.820000172,4.489999771,5.718695659,4.288157902,7.775641026,7.379566563
4.802000046,4.480000019,6.869999981,5.805603455,7.880188679,7.127329193
7.234999968,6.172072076,8.465486759,7.939224216,8.413880126,8.060869565
4.845000029,4.690000057,8.352606678,8.22162164,8.141275168,8.240255591
4.679999987,4.352051283,10.25486729,9.800446432,4.926785714,6.3
4.549473737,4.407500022,11.32719297,11.08491379,5.089811321,7.014736842
6.86634237,5.430448958,12.5328947,11.51120687,4.874169742,7.183516484
6.963320588,5.580409841,12.84502164,10.86765958,4.851388889,7.362056738
6.317130813,4.867264943,13.58253279,12.02068963,2.532124352,5.50625
7.815140619,7.818609014,12.28846155,11.40792953,2.475,5.069194313
7.47506123,7.337764686,5.450243938,3.167664662,1.048571429,4.059701493
5.904878064,4.713857659,4.678139549,2.680180178,1.040540541,3.932954545
5.981541526,5.497928289,4.108071733,3.402631581,1.365217391,4.899293286
6.127261921,5.908901991,4.209482751,3.879203542,1.74664311,5.053874539
6.029411795,6.47364376,4.478947364,4.298206271,1.706639004,4.967279412
6.264077691,6.076848739,5.934334769,4.807489011,1.649065421,4.776951673
5.861887742,5.319857832,5.691379309,5.293859653,1.381603774,4.68490566
6.028178324,7.336770427,5.95307018,5.971615718,1.431718062,4.649438202
5.952758632,6.682404582,7.122641503,5.374000001,2.13890785,4.96039604
6.188134943,6.811270481,7.537179495,7.590000036,1.715769231,4.82388664
6.242341301,6.420901987,1.200000048,6.943478244,1.719123506,4.884132841
7.58649449,9.381050548,6.890434769,6.870742331,1.925614035,4.613405797
7.162927738,8.173398456,7.153448259,7.095391715,1.88137931,4.664505119
7.924176284,9.46544395,8.273853245,7.115837076,2.061279461,4.709191176
7.28119403,8.612661623,8.740092185,8.435443063,2.007291667,4.680985915
7.387047972,9.434212538,8.252789765,7.119298232,2.003202847,3.662992126
5.554428562,5.908648665,7.140343355,8.760085822,2.459271523,3.820547945
6.251626993,7.029849621,8.49090912,7.473160166,2.854411765,4.376829268
7.111235499,8.068127507,9.866363599,8.384684741,2.608385093,4.461818182
7.468015578,9.015378437,10.54205609,11.50253161,2.343113772,4.353374233
7.522527897,9.225351537,12.4012766,3.709174322,2.666366366,3.848961424
6.67484998,7.753838346,5.927411222,4.705000023,2.553333333,3.783685801
7.415584922,9.683726888,6.48942308,5.241346153,3.556229514,2.01608092
5.704539012,6.561538476,6.825149687,6.120982138,3.045688293,1.559679826
5.89725356,6.933636365,7.083720899,7.103862643,3.771056661,1.459824651
5.986441779,6.983502824,7.59298243,5.7904348,3.869190647,1.619747124
12.3811388,12.73951015,8.374883785,6.567129625,4.481337496,1.753677094
5.426444403,6.036190513,6.74065421,6.836036003,3.336866726,1.592305784
8.400283078,8.818085119,6.776666655,7.004661029,4.135177986,1.516449778
10.74210332,11.84354588,10.380531,3.160791364,3.832419468,1.503883083
10.9074684,12.0047964,5.637275995,4.854625585,4.142904878,1.718965713
7.405604389,8.4304115,5.866094421,6.747391286,4.414379256,1.864711823
9.075594435,10.05156459,6.312393156,7.599999905,4.434014284,1.785824244
7.814819347,10.10334609,7.199999809,7.599999905,4.63667291,2.116760625
14.24085816,15.36196162,7.199999809,7.599999905,4.524692914,1.851917358
11.66631394,12.25031495,7.199999809,7.599999905,4.523182189,1.886286259
11.29086619,12.0853138,7.199999809,7.599999905,4.374939406,1.92077563
8.583402479,7.162799971,7.199999809,10.70714278,4.671515589,2.194073508
8.246765985,5.772307698,10.37857127,5.103729511,4.608192067,2.102117714
8.46834009,4.861102015,7.004699302,5.441406306,4.568634256,2.018333744
5.671904746,3.759659873,7.409722302,5.627956893,4.573179273,2.164167786
7.848130137,4.410913057,7.751627931,4.638378254,4.338479809,1.517027696
8.315419861,4.45880478,6.951724184,8.413592093,3.664940986,1.462739825
8.215754002,5.27151392,8.841048007,8.248559701,4.066972067,1.558172226
8.165038185,5.863984386,8.951515024,6.65183659,4.606829564,2.045659569
7.742958826,5.930823543,8.167924611,6.263694268,4.183589577,1.7971141
7.794481353,7.233503909,8.139322034,6.527364865,3.672795017,1.420635223
7.855038204,7.758425189,7.775806452,5.295726496,3.352460101,1.502932549
7.767923104,8.247951816,6.426956522,6.434328358,3.825591034,1.549804211
7.985584937,8.657931032,8.54497992,6.433333333,3.498409816,1.508450826
8.309660975,7.470535764,8.351515152,6.772463768,3.88365573,1.534832001
35.81055495,5.408212737,7.607961783,6.179130435,3.634117214,1.531087875
39.06484782,3.596766479,7.176080692,8.450140845,4.100401537,1.599168777
9.856300711,3.50188482,8.915542522,12.25552408,3.899412362,1.551448822
4.772697333,5.15118108,10.12700297,5.423293173,4.145126591,1.790919113
5.044971069,6.507871501,7.53862069,5.04529148,3.685743905,1.498114904
6.136949825,7.66476563,7.144525547,5.246520147,3.543248465,1.519397736
5.643705182,11.84358977,7.364347826,6.943396226,3.922040674,1.523542404
6.326536963,9.176530577,6.655642023,6.841216216,4.151320909,9.099775605
11.31769913,6.616177794,6.534810127,5.9395189,4.352926865,12.00367807
7.085401443,6.669818187,6.025581395,5.475294118,4.378199024,12.6845182
7.267782794,10.57035295,5.946183206,5.31,5.985237706,11.02346704
7.351584672,10.75388192,5.86618705,4.642352941,8.938000544,8.120625231
8.377896837,7.818928595,6.665976331,5.513740458,12.37773711,14.56891705
8.539375028,10.829591,6.422,4.633333333,11.64429213,15.67396949
8.928785021,17.88714829,5.292523364,5.110043668,8.899667619,19.45639264
8.971793837,19.22056608,5.691633466,5.676136364,7.616973333,14.08445556
17.85146517,11.16405941,5.48816568,5.75480226,12.97269157,13.21337284
18.79090897,8.203203108,5.920116618,6.506267806,14.09326619,19.63025103
11.83022221,1.933750004,6.316763006,7.574277457,15.60477692,19.56686477
8.80201254,2.983695652,6.208823529,6.881586402,11.85599249,12.14246548
6.280000114,5.462499991,6.22300885,5.476203966,16.82921171,13.11757006
6.58978723,6.970469792,5.556034483,5.564942529,11.24555449,14.59929273
7.45813793,4.360000134,5.828695652,5.884293194,17.86570786,19.98288533
8.451971862,4.340000153,6.148689139,7.292857143,19.64385425,12.81665491
5.079999924,4,6.853982301,9.8,19.7158567,21.12253634
37.91470524,3.730000019,7.6,7.712285714,11.23408292,15.19963571
5.110000134,3.806000018,7.92234957,8.561864407,10.60170096,14.37277733
4.769999981,3.613333305,8.645170455,9.645786517,20.85623773,16.12125942
4.489999991,3.595000029,8.780701754,7.180857143,19.6917,20.71853799
4.311159397,3.470983587,8.445821326,6.839710145,17.76733349,19.75280776
4.120666691,3.432799997,8.199104478,4.080147059,20.51168318,14.90907708
4.053871043,6.045801534,5.483977901,3.863736264,12.1984959,14.36071358
4.034295356,6.50520601,5.374452555,4.235135135,20.61989941,14.49283559
4.072021893,5.966130268,5.921052632,4.039917695,19.70725778,12.74617267
35.81333272,9.607022056,5.656028369,7.593333333,11.35263877,20.10477764
4.365178583,10.37432726,8.376530612,5.758510638,10.99198013,12.99277135
4.856306267,10.20901754,7.170068027,5.752688172,10.90744049,14.61779942
5.104780462,11.57852947,7.13190184,5.535616438,19.06024039,21.00188731
6.514205594,12.3181053,6.971942446,5.395945946,19.3611253,21.14844787
6.744841244,7.408320627,6.733913043,5.172131148,17.02969684,21.60231346
6.04501995,4.436857151,6.853539823,5.1,10.2192261,16.90161794
5.340501918,6.113392075,6.862111801,4.945320197,18.21831672,16.73664957
6.464699646,5.541279601,6.66,10.57790368,10.05177584,17.75419394
4.029512221,4.558499982,6.354385965,4.842279412,9.533920772,22.20311593
4.999523753,4.587830175,6.52890625,3.861046512,8.988487433,19.00495833
8.986495668,5.096854449,2.369961977,12.81352113,8.99690256,21.43698838
8.425380975,5.363438908,6.530835735,4.56036036,8.925060088,21.14429435
7.894644595,6.461509441,6.206329114,7.542268041,8.723995758,20.56278657
18.61930427,6.37161292,8.08370607,6.678205128,4.230393692,20.28419705
6.49247617,7.096270254,7.158675079,6.028977273,6.482231148,20.28791491
6.196111128,7.562516132,7.316081871,6.536290323,4.461680603,20.29983473
8.57352681,7.62266668,6.34962963,5.777218935,4.490666326,10.99884531
4.978956051,7.904916231,6.025862069,5.705829596,9.509848588,18.1637652
4.105838966,7.974871809,5.865587045,6.924783862,6.980713082,11.51122212
4.275320538,8.57922152,5.985337243,5.47032967,6.637916006,11.69622787
4.606725124,8.562384106,5.868871595,9.603947368,7.59453071,16.94915225
7.633145543,8.852704384,6.40152439,5.626666667,7.182362776,13.78346766
5.188384581,9.564936234,6.296350365,5.870711297,7.043025449,18.10140979
5.072986981,9.805986573,6.445228216,8.900891286,7.969496401,18.50225891
5.648455893,10.24779528,1.7,8.464705882,7.309308388,18.71680952
7.626327192,10.306,7.705662393,7.639,9.74312289,19.21594509
7.653498452,10.31133333,7.549561404,7.443778802,8.625124369,19.50920203
7.179849624,10.67284768,7.352534562,8.371232877,8.711090355,19.00085402
6.611505792,2.542,7.243283582,4.612827988,8.842437868,20.75840282
7.811354839,4.31,8.252654867,4.367455621,8.957482367,20.91815291
8.226943522,4.38,7.227325581,4.241498559,9.007476152,14.96883247
2.764,6.946058091,6.752325581,4.470893372,11.39783895,20.80158441
4.675,4.41,6.267261905,6.560458453,11.40973519,18.85548794
4.555,5.973214286,6.140762463,4.998230088,11.69023064,22.00117988
8.791592593,6.226628788,6.905232558,5.266172107,12.5096887,16.25706122
4.46,6.2,6.15952381,5.589017341,17.40283166,15.62026866
7.604432432,6.2,6.195575221,5.705750799,11.89226353,15.99782428
7.895505226,6.75,6.217241379,5.934110787,16.59278875,16.86475043
5.9,6.85,6.116774194,6.354441261,15.93706115,18.06807069
5.8,9.77625,6.250149254,5.499253731,15.95357752,21.74208975
6.1,9.71954023,6.180994152,6.474561404,17.36255714,18.93177138
6.166666667,9.451219512,6.276888889,7.106340058,18.86445769,18.1745747
12.03636364,9.825373134,6.802881844,7.785428571,17.45056796,17.85286855
12.34159292,9.82972973,6.992151163,8.408238636,18.99079937,17.45610778
11.88839286,10.1825,7.089117647,8.3,19.61535048,15.83844843
12.24509804,9.534065934,7.911337209,8.271714286,14.28434186,16.94312174
12.05,9.11627907,8.1,5.362790698,14.70582933,17.45404551
12.79210526,8.990526316,8.76300578,8.932676056,15.19477716,16.88977238
12.7122449,9.323853211,6.991119691,8.528774929,14.45639856,14.69919129
12.29831933,9.449411765,9.317291066,11.77388724,14.91987746,13.43739281
11.89459459,9.563218391,9.703438395,5.16509434,13.10612886,14.72511238
12.575,9.056818182,11.20938416,5.64589372,13.31769103,16.90748604
12.11949153,9.380612245,6.965267176,6.844569288,13.5387435,15.52572914
12.28059701,9.024390244,6.73254717,6.895468278,12.1068502,16.68988084
11.92542373,8.469603524,7.247122302,4.864102564,11.57491245,17.17838315
12.26831683,6.345454545,8.546706587,5.009952607,12.27695385,17.13934078
11.91527778,3.125,7.348897059,12.20644258,10.56352339,15.66168676
11.30786517,7.152941176,6.894888179,12.97768362,9.73554038,16.03884947
6.140740741,6.066666667,12.73076923,14.12619718,6.97078661,17.79804258
6.151428571,5.966666667,13.19476744,6.835416667,6.510402467,11.62317908
6.205633803,6.4,14.0867052,7.237681159,7.089946182,10.38760965
5.543137255,5.9,7.769942197,6.459887006,10.21682841,12.07291362
5.590825688,6.033333333,7.340057637,11.13863636,9.9497706,10.06880242
5.383076923,6.05,7.689090909,6.570984456,6.007686837,12.61634655
6.05,6.15,10.65114504,6.431325301,9.548817056,10.89366566
4.593939394,6.2,7.894485294,6.944554455,6.625328432,11.11990717
4.660416667,6.2,7.650592885,6.931937173,9.8217933,11.08314983
4.537735849,6.3,9.416901408,6.107048458,6.904907053,10.29762662
4.423529412,6.1,8.851492537,6.239884393,9.657311888,12.87520321
4.48,6.1,7.941342756,6.062181818,9.59699755,10.61185652
4.2,6.4504,7.798461538,12.18753709,7.631553648,14.05330791
4.54,6.1,7.625806452,12.13446328,9.848375032,9.67106515
4.266666667,7.4,10.38036254,12.95690141,9.959223345,9.861964433
4.15,6,11.10523256,12.68262108,7.048498639,16.76252348
6.40078125,6.1,11.66851312,5.803492063,10.43714175,10.6663078
4.34,6.6375,12.53872832,9.73836858,7.946415279,10.88869694
7.960869565,5.9,7.338855422,8.932080925,7.652271736,14.64061389
3.95,6.705802048,10.19525223,7.831020408,10.88104694,10.71460166
4.258333333,6,8.92244898,8.119596542,10.52798283,17.89323153
7.210526316,6.586891386,8.213333333,7.652753623,8.319439021,13.99248442
3.963636364,5.85,8.595689655,7.429957806,10.8283929,10.99160997
7.116438356,6.25,8.490598291,6.008,11.53691935,10.48738671
4.4,6.133333333,8.176666667,6.812285714,9.799280988,16.04727067
6.54006734,6.146511628,7.407207207,5.570676692,11.13664434,10.31134595
4.162135922,6.090425532,7.630057803,5.637368421,10.90972977,11.35415615
4.428888889,5.993548387,6.841630901,11.3566092,,14.33871805
4.219117647,5.782926829,6.901298701,8.380294118,,11.43564221
4.242682927,5.855932203,11.92819767,6.037283237,,11.63545188
4.125892857,8.529304029,7.734011628,6.934929577,,
3.986619718,6.024199288,5.959587021,6.880747126,,
3.618954248,5.479710145,8.691740413,7.691860465,,
3.931288344,5.56130137,7.783577713,7.653735632,,
9.559437751,5.319926199,9.486337209,8.000859599,,
8.682926829,5.416901408,7.077941176,15.56638177,,
9.334693878,5.465714286,5.172672673,5.434431138,,
8.946391753,4.807432432,18.45378151,10.09859551,,
9.791034483,4.173571429,6.226011561,10.39398281,,
8.434680135,4.412,20.75141243,10.80225352,,
8.898965517,4.41010453,14.00816901,11.53079096,,
8.620819113,4.645644599,14.92253521,12.12922636,,
9.084768212,5.429045643,16.22072829,12.68410405,,
8.957432432,5.227838828,17.39861111,12.10509915,,
8.891694352,5.24047619,17.76078431,12.8480226,,
8.839240506,5.126258993,14.57960894,13.3456338,,
3.858364312,5.271747212,16.34915254,13.10228571,,
8.659666667,5.3,15.49693593,13.00205882,,
8.528476821,6.736428571,14.49888579,10.27659574,,
9.032673267,6.61483871,13.6442577,13.19741379,,
8.679069767,6.549285714,9.524767802,5.772697368,,
8.9,6.802439024,13.23841808,15.1058309,,
9.853658537,7.027333333,7.360429448,8.08902439,,
9.788275862,7.31,16.71293103,15.59598854,,
9.850295858,7.476,10.05736677,16.31540698,,
9.798684211,5.293430657,16.34366197,8.2515625,,
9.4625,5.759507042,16.86412429,8.041741742,,
8.21,5.695979899,10.57591463,4.735643564,,
7.922222222,5.537106918,10.16566265,5.662430939,,
5.613157895,6.179636364,4.029927007,3.842718447,,
4.823310811,6.369927536,5.783660131,4.202197802,,
5.696954315,6.796928328,3.606060606,4.854952077,,
5.070588235,7.048854962,3.860750853,5.6275,,
4.932075472,7.197426471,3.990957447,11.68292683,,
5.253311258,7.523550725,4.64380531,7.063087248,,
4.841584158,7.680357143,11.96492754,6.251263538,,
5.357594937,7.675261324,5.71563786,7.349844237,,
5.758125,7.315789474,5.776126126,7.183012821,,
5.743573668,8.133210332,6.500326797,7.619939577,,
5.726898734,7.748275862,6.317350158,3.522641509,,
5.685530547,8.295709571,6.469526627,8.490060241,,
6.645977011,10.00603448,6.954480287,7.8,,
6.947122302,8.15,7.403525641,11.20761905,,
6.756521739,9.539041096,6.3,6.303934426,,
7.067896679,11.66842105,8.941237113,6.515488215,,
11.19555556,10.85384615,5.381469649,6.538047138,,
8.551612903,12.75238095,6.27388535,8.93592233,,
10.1253886,10.03939394,6.126100629,6.274598071,,
9.944964029,9.957575758,7.811783439,8.343809524,,
10.26060606,9.972592593,6.072903226,9.214589666,,
9.930081301,10.15511811,7.369400631,7.329655172,,
8.708024691,10.15357143,8.078616352,4.830677291,,
8.489880952,9.969444444,6.893729373,4.416915423,,
8.154014599,10.17831325,3.987946429,5.65070922,,
8.41091954,10.36436782,4.366122449,5.257460317,,
8.402427184,10.36886228,5.477307692,4.88537415,,
8.296756757,10.37191011,5.109765625,4.457243816,,
8.386320755,10.460181,5.757564576,4.36244898,,
8.526495726,8.323529412,5.287666667,13.46380368,,
8.425974026,8.175362319,5.387878788,6.081993569,,
8.5,8.956626506,14.91847507,7.705769231,,
8.81618705,8.640996169,6.720774648,6.758227848,,
8.926415094,8.756981132,7.187118644,6.963467492,,
8.691428571,9.662068966,7.250830565,6.554037267,,
8.398653199,8.780769231,7.349358974,6.750159744,,
8.811619718,1.025096525,7.18,8.571786834,,
9.44047619,12.75046612,7.509602649,12.65331325,,
11.25192308,8.245324055,8.579478827,19.78092486,,
9.703448276,13.22188628,11.50529595,20.8235119,,
13.59834988,20.4362846,18.94940476,9.313291139,,
7.72449534,25.3409801,20.10321637,9.388023952,,
12.82038022,16.5799206,10.38566879,21.70647059,,
21.71840275,21.30800708,10.04548105,9.582370821,,
28.64020884,20.64798912,20.56127168,21.78702065,,
18.73557134,21.94680173,9.707017544,24.12743363,,
24.52406475,24.97503368,20.91190476,13.57921687,,
20.83652097,26.48738937,22.87343284,11.66437126,,
21.30044968,28.67579998,13.61927711,25.68088235,,
24.92889525,25.45171177,11.74837758,19.87794562,,
26.2174978,28.69565516,23.51152738,26.94391691,,
28.47202254,29.34668724,17.38653846,27.37953216,,
23.91031076,32.81974726,25.62470238,27.84985591,,
27.50284516,20.91316872,26.23964497,29.63139535,,
29.14663208,25.2446295,26.47172012,30.11271676,,
34.46505483,26.47995161,27.3899705,7.904923077,,
21.12092459,28.10832545,27.49112426,30.60718391,,
26.32951032,16.76113678,9.645341615,8.337869822,,
28.46307493,18.19229264,28.22251462,14.32826087,,
29.34167297,23.26663124,9.687797619,7.945065789,,
18.98984716,26.96344201,15.46538462,12.35987654,,
20.67139272,26.53646647,9.19335443,6.57585034,,
25.06067415,18.10682678,13.89487179,8.033956386,,
28.79223709,19.79247217,5.085957447,7.549840256,,
27.73085,21.27089013,6.207284768,7.936705202,,
19.55506796,21.7200977,6.423381295,19.14615385,,
20.9385814,22.64257659,6.707333333,14.55415385,,
22.06783787,24.14100683,15.80497076,22.13848485,,
22.66333167,25.27742921,9.555592105,12.825,,
23.37405821,25.55453196,17.95512048,12.24523077,,
25.17880861,27.15971979,9.974153846,9.318902439,,
26.97576355,13.98441888,9.890825688,12.9,,
26.96802446,17.9612579,7.950316456,7.950151976,,
29.22236838,19.97341992,14.7462908,8.369827586,,
18.04072635,21.13384372,8.066071429,23.08853868,,
22.59364861,12.93373478,8.468949772,8.802654867,,
24.3271808,7.36692931,20.74149254,8.161746988,,
26.27622728,11.272827,9.543939394,22.45873926,,
15.19665556,14.31980392,9.495795796,23.33457143,,
8.763724255,15.26084465,21.9122093,7.540869565,,
10.43985713,14.04330707,22.47764706,7.385093168,,
8.652843124,17.12246466,8.433333333,25.74867257,,
10.43150751,17.81778632,8.356441718,27.02522255,,
16.80551895,18.37326556,22.84868035,27.54349112,,
20.41239533,21.09904476,23.04867257,27.44895522,,
21.5583215,21.01006108,23.52059701,27.79882353,,
21.22453145,15.10738284,23.92199413,28.34752187,,
24.32329261,13.7725136,24.67426901,29.09008746,,
23.55040912,17.10690353,24.78558559,28.34780059,,
16.88548762,19.71383798,25.69002933,8.229253731,,
18.24036827,18.97168091,25.62521994,9.178980892,,
20.33704759,17.21560072,10.53,29.76206897,,
23.59922925,17.56494862,11.61536145,30.09649123,,
21.35713323,17.85463268,26.56371681,30,,
20.10043158,21.7115812,26.90935673,10.20404984,,
20.78327196,19.27279286,26.2,9.188271605,,
21.02096966,21.7448314,12.21196319,14.43197674,,
24.40173148,21.01793992,11.75119048,11.86543624,,
22.35737941,19.66703607,19.2058651,6.481227437,,
23.38838697,20.55336115,11.91651376,18.40089021,,
24.05175226,23.99068194,8.095846645,7.035616438,,
22.22156867,23.08230773,22.36735905,13.40967742,,
23.25424427,21.23215801,7.728037383,17.51939394,,
25.65324565,21.52321818,11.91083591,22.06996997,,
25.94880952,24.18112063,19.14791667,23.43519062,,
24.07827391,21.60181596,26.0922619,15.76626506,,
24.11657015,25.41634829,26.68746356,21.25174419,,
25.64073969,22.31955484,13.52073171,10.3440625,,
24.10528478,22.13789391,21.82349398,9.254045307,,
26.48060989,23.47125839,8.132515337,9.876923077,,
24.58217951,25.8905717,7.485119048,6.383333333,,
23.89787037,26.85202263,8.312349398,7.738629283,,
25.57876355,23.7775424,8.589212828,14.47674419,,
26.95556478,23.97657778,9.159692308,9.053869969,,
27.39448326,26.95050623,12.77876106,20.34682779,,
25.80904579,24.47113012,7.9179941,27.30376812,,
26.19526614,25.29762428,19.48292683,4.466108787,,
28.86690664,29.34101354,27.93848485,4.805882353,,
26.294535,12.34097027,4.193536122,16.5011976,,
27.03545899,14.26171788,4.8204,4.864779874,,
32.43442962,15.54362751,19.65217391,6.385365854,,
15.58582917,17.23865484,4.957589286,20.63558824,,
16.2497512,15.14350923,6.462790698,21.64380403,,
17.18524505,16.81219379,23.27212644,1.064516129,,
17.81519018,17.03685118,24.60847953,23.96339286,,
17.84155935,18.28570123,24.94971264,24.96086957,,
19.65719737,17.64537953,26.85580737,25.27643678,,
19.06478507,16.40860345,27.1058309,21.81520468,,
18.86321028,17.20312783,23.38537313,26.83768116,,
20.30362776,17.56259611,28.07204611,27.95028902,,
18.31081258,17.87498996,29.28290598,25.5700565,,
19.29591527,17.71929741,28.28269795,20.03494318,,
19.31910845,17.68473413,26.20201149,26.40233236,,
19.73180036,18.29091519,29.20439883,26.28863636,,
19.60165945,17.99147446,29.65657143,17.91094675,,
19.78993973,19.0230529,10.75731343,12.83628602,,
19.98299148,18.47695868,9.635863989,11.67630825,,
19.57793042,18.14962679,8.928319745,10.51633049,,
19.25898754,19.43660078,8.220775502,9.356352728,,
20.54982756,19.96314964,7.513231259,8.196374965,,
20.71618947,17.0036777,6.805687015,7.036397202,,
22.17205601,17.58579362,6.098142772,5.876419438,,
22.17161376,18.07496203,5.390598529,22.18047337,,
20.49871842,18.92392664,17.91202346,21.43702624,,
21.12652008,21.0921535,17.39678363,22.3130814,,
21.61855577,18.10223824,18.23782235,9.8,,
20.8043039,22.01230474,7.2,5.456043956,,
23.40762852,18.13108824,7.26344086,23.87365439,,
19.26716929,17.9620545,21.19176136,26.75043732,,
23.02276238,6.768341357,23.3945245,22.42307692,,
18.82670519,18.19893915,21.39217391,5.473076923,,
18.65810216,18.13324028,5.607335907,5.643617021,,
5.59802589,23.57420581,5.924427481,5.779120879,,
19.32353305,18.42730749,5.690298507,5.940092166,,
18.96798922,16.62051297,5.960854093,5.792996109,,
21.8298042,10.43194,6.469230769,18.02314815,,
18.9940898,10.86803913,17.49617647,1.373333333,,
17.64503594,10.7875,1.616475096,9.23180212,,
12.29095556,11.52275,1.60790378,5.0368,,
12.86107241,10.58962,1.10929368,5.254393305,,
12.23933421,12.0416,6.332962963,5.123188406,,
12.99474478,12.20192,5.873493976,5.005668016,,
12.73658947,11.93260909,5.90210084,5.32972973,,
13.33651014,11.33066111,5.68,5.863779528,,
13.94144711,11.490448,5.488970588,23.3619883,,
13.52023297,12.5607625,5.570758123,5.78852459,,
14.28772791,12.5426,6.543624161,23.08850575,,
14.4007766,12.499075,25.96629213,24.79190751,,
15.14066887,15.13952514,6.268115942,5.985130112,,
16.16576364,12.65465,25.24604106,5.865737052,,
16.30215217,15.39253313,26.82657143,5.62039801,,
17.82766653,16.05223873,8.640184049,20.53454545,,
16.92406125,15.63199639,5.557251908,22.41538462,,
18.27625149,15.33644586,5.915613383,23.55105105,,
18.05569879,15.09471176,26.00317003,24.02735294,,
17.82458626,15.45305767,26.34190751,23.94318841,,
18.78900743,15.105844,26.21560694,23.95575221,,
18.4257803,15.0198652,27.06023392,23.58371429,,
18.68862622,14.81557734,26.297151,25.10994152,,
18.19510147,14.67408765,26.96695652,5.404977376,,
17.78475759,14.27316,26.24096045,19.18140845,,
17.30610889,13.68080043,27.86855524,23.29467787,,
17.47028031,14.18671156,7.90543131,24.03619632,,
16.85175931,14.97952694,25.91264368,27.414,,
16.7747223,13.814675,27.26934097,28.59768786,,
17.54965878,13.74165333,27.03896848,27.94306358,,
17.060175,15.42374576,29.72889518,29.48304094,,
16.99896441,15.34022755,31.17195467,29.42085714,,
17.17287181,13.82455,29.93202247,4.765853659,,
18.62391183,14.84944,31.09827586,20.22225434,,
19.12993227,14.0053,31.69464789,20.77414773,,
17.40646398,15.00219242,6.922377622,20.83861671,,
18.61543442,15.83669589,22.30254958,4.965991903,,
17.33258613,14.02765,22.81509972,11.82035714,,
16.90812234,14.1552,23.47549858,6.169902913,,
16.72046727,14.03842,7.74109589,5.418181818,,
17.46139799,,14.13771626,6.116078431,,
17.52705613,,8.220923077,4.481858407,,
17.305325,,9.419365079,4.638095238,,
,,10.26768293,4.944117647,,
,,4.93880597,5.149019608,,
,,5.355279503,6.02745098,,
,,5.422891566,5.544583333,,
,,5.723308271,5.645581395,,
,,5.45,5.7,,
,,6.051685393,5.996855346,,
,,6.263888889,5.946853147,,
,,5.7,21.78930636,,
,,5.983163265,6.447540984,,
,,5.816363636,6.286734694,,
,,24.08944282,6.590794979,,
,,6.291459075,6.608370044,,
,,5.906857143,7.05440613,,
,,6.058158996,25.03275862,,
,,6.372983871,7.093115942,,
,,7.007142857,26.44457143,,
,,27.84534884,5.933742331,,
,,7.252264808,5.845049505,,
,,28.85542857,6.740684411,,
,,5.441035857,20.02804533,,
,,5.615909091,21.61152738,,
,,6.867412141,6.274162679,,
,,24.07085714,22.82364672,,
,,23.86936416,6.463485477,,
,,7.281605351,6.494795539,,
,,25.75360231,6.94519573,,
,,7.123508772,25.88760807,,
,,7.482847896,7.292982456,,
,,7.407920792,26.01826087,,
,,24.66117647,26.3755102,,
,,8.49025974,25.50726744,,
,,28.30935673,26.76376404,,
,,27.76340058,7.238095238,,
,,27.48803419,26.37020057,,
,,27.38333333,26.69548023,,
,,9.636307692,27.65273775,,
,,26.190625,26.91642651,,
,,26.85768116,21.72235294,,
,,27.75762712,25.21994302,,
,,29.00769231,7.342857143,,
,,24.2085044,28.63579545,,
,,24.99385475,13.43397688,,
,,9.705864198,4.890384615,,
,,25.90707965,5.066145833,,
,,19.17272676,5.087421384,,
,,5.628235294,5.411952191,,
,,6.106870229,21.70348837,,
,,6.093594306,22.41195335,,
,,6.11122807,6.202564103,,
,,23.36115942,24.39764706,,
,,23.50769231,24.83304348,,
,,7.298666667,25.62163743,,
,,24.62057971,26.21404011,,
,,25.10389222,7.020962199,,
,,26.0008596,7.715613383,,
,,27.64387464,28.35028409,,
,,8.99628483,29.93668639,,
,,9.917777778,29.24899135,,
,,28.79190751,7.393357934,,
,,28.98551136,25.93285714,,
,,30.0543662,7.4671875,,
,,7.651535836,11.49329073,,
,,26.85938375,28.63294798,,
,,8.873374613,7.88370607,,
,,13.54735202,29.59065156,,
,,29.28863636,7.611117593,,
,,10.54515152,5.542120363,,
,,31.02966102,10.47051651,,
,,1.136842105,10.06183531,,
,,7.21591,3.712453455,,
,,11.09802494,10.70919911,,
,,13.12264406,11.05878777,,
,,12.61807725,10.90354462,,
,,4.41543645,10.90210835,,
,,13.41284711,6.369615302,,
,,13.78073231,9.030619833,,
,,13.57267234,4.065444766,,
,,13.79456686,10.94894784,,
,,7.287443934,10.49966925,,
,,10.92989308,10.40761054,,
,,5.489907391,10.49750711,,
,,13.21949971,10.83426986,,
,,12.47794476,11.84237231,,
,,12.59487559,11.20523254,,
,,12.38797507,12.52859577,,
,,13.10175879,12.10497061,,
,,14.7001895,11.85412478,,
,,14.03706772,11.16148839,,
,,15.29548216,4.502673665,,
,,14.38261134,4.20089022,,
,,13.98474419,3.985238829,,
,,13.42815581,4.37946624,,
,,6.028140351,4.758954,,
,,5.520807973,15.26793519,,
,,4.337576255,4.857997222,,
,,5.092308203,4.635506667,,
,,5.446412411,5.055201364,,
,,19.52748739,4.746578248,,
,,5.429550698,14.92009544,,
,,5.319564364,4.933936618,,
,,5.941602182,5.000930495,,
,,5.321697835,5.240917014,,
,,19.04794496,13.03887417,,
,,4.708055882,4.979150579,,
,,4.918655753,4.644365496,,
,,5.272024449,16.07335301,,
,,14.84412543,6.07277018,,
,,4.974211983,13.31130917,,
,,4.748524457,4.017415602,,
,,18.16345287,4.04052434,,
,,6.115325414,4.0931648,,
,,16.04514444,3.919659337,,
,,3.483475734,13.79086224,,
,,3.466031803,14.03673889,,
,,3.513580552,4.584752759,,
,,3.736301943,7.825624154,,
,,16.01803947,12.78191023,,
,,16.57781066,14.58358889,,
,,4.101400881,13.0091571,,
,,9.558860346,13.42710465,,
,,15.83593362,13.23997826,,
,,16.2135289,13.72178132,,
,,14.22511066,13.67397573,,
,,13.86838314,8.443334655,,
,,13.26375402,15.23050588,,
,,14.44608949,13.67787384,,
,,14.01803618,3.983978995,,
,,9.902138919,11.45638824,,
,,18.16250486,6.954083321,,
,,14.41019063,14.72791855,,
,,3.955819565,14.53532184,,
,,12.97949215,3.929228107,,
,,6.928537977,4.222111369,,
,,16.34538092,4.263187981,,
,,16.40152918,3.976689466,,
,,3.996057103,4.078433561,,
,,4.2792525,4.117964099,,
,,4.156058395,4.347849763,,
,,4.104836033,,,
,,4.012389262,,,
,,3.908967222,,,
,,4.163402388,,,